RegionID,SizeRank,RegionName,RegionType,StateName,State,Metro,CountyName,2000-01-31,2000-02-29,2000-03-31,2000-04-30,2000-05-31,2000-06-30,2000-07-31,2000-08-31,2000-09-30,2000-10-31,2000-11-30,2000-12-31,2001-01-31,2001-02-28,2001-03-31,2001-04-30,2001-05-31,2001-06-30,2001-07-31,2001-08-31,2001-09-30,2001-10-31,2001-11-30,2001-12-31,2002-01-31,2002-02-28,2002-03-31,2002-04-30,2002-05-31,2002-06-30,2002-07-31,2002-08-31,2002-09-30,2002-10-31,2002-11-30,2002-12-31,2003-01-31,2003-02-28,2003-03-31,2003-04-30,2003-05-31,2003-06-30,2003-07-31,2003-08-31,2003-09-30,2003-10-31,2003-11-30,2003-12-31,2004-01-31,2004-02-29,2004-03-31,2004-04-30,2004-05-31,2004-06-30,2004-07-31,2004-08-31,2004-09-30,2004-10-31,2004-11-30,2004-12-31,2005-01-31,2005-02-28,2005-03-31,2005-04-30,2005-05-31,2005-06-30,2005-07-31,2005-08-31,2005-09-30,2005-10-31,2005-11-30,2005-12-31,2006-01-31,2006-02-28,2006-03-31,2006-04-30,2006-05-31,2006-06-30,2006-07-31,2006-08-31,2006-09-30,2006-10-31,2006-11-30,2006-12-31,2007-01-31,2007-02-28,2007-03-31,2007-04-30,2007-05-31,2007-06-30,2007-07-31,2007-08-31,2007-09-30,2007-10-31,2007-11-30,2007-12-31,2008-01-31,2008-02-29,2008-03-31,2008-04-30,2008-05-31,2008-06-30,2008-07-31,2008-08-31,2008-09-30,2008-10-31,2008-11-30,2008-12-31,2009-01-31,2009-02-28,2009-03-31,2009-04-30,2009-05-31,2009-06-30,2009-07-31,2009-08-31,2009-09-30,2009-10-31,2009-11-30,2009-12-31,2010-01-31,2010-02-28,2010-03-31,2010-04-30,2010-05-31,2010-06-30,2010-07-31,2010-08-31,2010-09-30,2010-10-31,2010-11-30,2010-12-31,2011-01-31,2011-02-28,2011-03-31,2011-04-30,2011-05-31,2011-06-30,2011-07-31,2011-08-31,2011-09-30,2011-10-31,2011-11-30,2011-12-31,2012-01-31,2012-02-29,2012-03-31,2012-04-30,2012-05-31,2012-06-30,2012-07-31,2012-08-31,2012-09-30,2012-10-31,2012-11-30,2012-12-31,2013-01-31,2013-02-28,2013-03-31,2013-04-30,2013-05-31,2013-06-30,2013-07-31,2013-08-31,2013-09-30,2013-10-31,2013-11-30,2013-12-31,2014-01-31,2014-02-28,2014-03-31,2014-04-30,2014-05-31,2014-06-30,2014-07-31,2014-08-31,2014-09-30,2014-10-31,2014-11-30,2014-12-31,2015-01-31,2015-02-28,2015-03-31,2015-04-30,2015-05-31,2015-06-30,2015-07-31,2015-08-31,2015-09-30,2015-10-31,2015-11-30,2015-12-31,2016-01-31,2016-02-29,2016-03-31,2016-04-30,2016-05-31,2016-06-30,2016-07-31,2016-08-31,2016-09-30,2016-10-31,2016-11-30,2016-12-31,2017-01-31,2017-02-28,2017-03-31,2017-04-30,2017-05-31,2017-06-30,2017-07-31,2017-08-31,2017-09-30,2017-10-31,2017-11-30,2017-12-31,2018-01-31,2018-02-28,2018-03-31,2018-04-30,2018-05-31,2018-06-30,2018-07-31,2018-08-31,2018-09-30,2018-10-31,2018-11-30,2018-12-31,2019-01-31,2019-02-28,2019-03-31,2019-04-30,2019-05-31,2019-06-30,2019-07-31,2019-08-31,2019-09-30,2019-10-31,2019-11-30,2019-12-31,2020-01-31,2020-02-29,2020-03-31,2020-04-30,2020-05-31,2020-06-30,2020-07-31,2020-08-31,2020-09-30,2020-10-31,2020-11-30,2020-12-31,2021-01-31,2021-02-28,2021-03-31,2021-04-30,2021-05-31,2021-06-30,2021-07-31,2021-08-31,2021-09-30,2021-10-31,2021-11-30
6181,0,New York,City,NY,NY,New York-Newark-Jersey City,Queens County,252821.0,254641.0,256325.0,259417.0,262302.0,265293.0,268400.0,271112.0,273668.0,276488.0,279962.0,283098.0,286134.0,288898.0,292188.0,295373.0,298276.0,301084.0,303695.0,306525.0,308721.0,311092.0,313789.0,316983.0,320425.0,322565.0,321963.0,320839.0,320544.0,323037.0,325638.0,329078.0,332310.0,335512.0,337676.0,339831.0,342052.0,345313.0,349441.0,354208.0,358829.0,364107.0,368322.0,372124.0,374686.0,377665.0,380692.0,383714.0,387310.0,390799.0,394302.0,397274.0,401114.0,405149.0,410134.0,414380.0,420003.0,425970.0,432792.0,438841.0,443557.0,448241.0,454144.0,461144.0,468127.0,473014.0,479819.0,486790.0,494788.0,502511.0,508755.0,516544.0,522708.0,529360.0,532857.0,535608.0,539372.0,543529.0,546850.0,550030.0,551179.0,549313.0,543569.0,540560.0,539751.0,540790.0,544912.0,546607.0,549414.0,545800.0,544151.0,542619.0,541917.0,543129.0,543543.0,544381.0,544664.0,544226.0,542695.0,540007.0,535842.0,531980.0,527397.0,523489.0,519560.0,516273.0,513002.0,508560.0,503812.0,498457.0,494709.0,490661.0,487289.0,483225.0,479042.0,474663.0,471375.0,468878.0,468425.0,467523.0,467514.0,467515.0,466502.0,465819.0,465457.0,467434.0,469750.0,470689.0,471916.0,472192.0,471793.0,469716.0,468823.0,468412.0,470224.0,470462.0,470709.0,469392.0,468345.0,467641.0,466967.0,466084.0,465246.0,464972.0,464738.0,464461.0,463108.0,463358.0,463242.0,464615.0,464657.0,464880.0,465188.0,465974.0,467999.0,469685.0,471332.0,472345.0,473712.0,476073.0,478639.0,481735.0,484115.0,487080.0,490194.0,493541.0,496794.0,499349.0,502629.0,506717.0,511009.0,515248.0,517767.0,520039.0,522198.0,525153.0,528442.0,530810.0,533340.0,535754.0,537864.0,539663.0,541088.0,544214.0,547276.0,552008.0,555677.0,559306.0,562238.0,565071.0,568821.0,572389.0,575255.0,577552.0,579551.0,583025.0,586430.0,589776.0,592910.0,596025.0,599258.0,602215.0,605704.0,609562.0,613637.0,616237.0,618937.0,620936.0,624514.0,627942.0,632637.0,636259.0,639929.0,644257.0,648291.0,651821.0,654449.0,658747.0,663390.0,667693.0,671205.0,674116.0,676657.0,678805.0,681203.0,683238.0,686193.0,688857.0,690832.0,692045.0,693335.0,693438.0,693787.0,692803.0,692628.0,690551.0,687823.0,685336.0,683952.0,684297.0,685714.0,687332.0,687690.0,688153.0,687556.0,688418.0,689014.0,690721.0,691881.0,693873.0,696533.0,699493.0,701543.0,702586.0,703646.0,705208.0,708270.0,712058.0,716690.0,721656.0,727552.0,732549.0,736240.0
12447,1,Los Angeles,City,CA,CA,Los Angeles-Long Beach-Anaheim,Los Angeles County,234959.0,235179.0,236295.0,238378.0,240911.0,243227.0,245618.0,248301.0,250815.0,252882.0,254899.0,256910.0,258406.0,259818.0,261607.0,264208.0,266761.0,269268.0,271885.0,274707.0,277245.0,279931.0,282377.0,285041.0,287060.0,289353.0,292210.0,295982.0,300191.0,304326.0,309633.0,315230.0,321226.0,326538.0,331908.0,337064.0,341211.0,344858.0,349238.0,353750.0,359500.0,363926.0,370547.0,377381.0,385147.0,390910.0,396634.0,402738.0,410092.0,417474.0,425106.0,434701.0,446637.0,458280.0,468572.0,477944.0,489183.0,499948.0,507292.0,513520.0,518302.0,526525.0,534136.0,542697.0,549696.0,558327.0,567974.0,578569.0,588992.0,600781.0,609060.0,616271.0,622568.0,628196.0,634391.0,638450.0,644722.0,649397.0,652367.0,654133.0,651972.0,651421.0,651217.0,653417.0,654247.0,654129.0,652591.0,652144.0,649464.0,646700.0,641311.0,635889.0,629923.0,622667.0,616212.0,609403.0,605032.0,598617.0,588012.0,573123.0,556431.0,541414.0,525961.0,512216.0,501784.0,492609.0,483505.0,470852.0,462299.0,456708.0,454119.0,450549.0,447017.0,441674.0,437603.0,435257.0,434800.0,434961.0,436759.0,441452.0,443358.0,442565.0,443374.0,445624.0,449946.0,448045.0,445641.0,440073.0,435237.0,430393.0,426146.0,425134.0,424434.0,425185.0,423420.0,422152.0,417268.0,416564.0,415058.0,412334.0,407147.0,402177.0,401537.0,401381.0,401320.0,401240.0,400982.0,401800.0,403016.0,405385.0,408108.0,409805.0,411590.0,415422.0,420090.0,427590.0,433523.0,442905.0,452037.0,462876.0,471647.0,480801.0,489697.0,499719.0,507575.0,513292.0,518613.0,522713.0,528568.0,530829.0,533322.0,532883.0,534434.0,535310.0,537004.0,535214.0,534068.0,534456.0,538025.0,542260.0,547698.0,553172.0,557717.0,558542.0,561368.0,564190.0,564193.0,564527.0,565474.0,571360.0,576115.0,582919.0,587386.0,592163.0,594525.0,600040.0,604206.0,609218.0,608516.0,609939.0,612680.0,619774.0,624093.0,627129.0,631541.0,635276.0,638385.0,640079.0,643993.0,648296.0,649581.0,651598.0,654213.0,660326.0,667710.0,673888.0,680120.0,687043.0,694009.0,699672.0,702201.0,705179.0,705391.0,706772.0,708297.0,712973.0,715879.0,715836.0,715407.0,713100.0,711049.0,710605.0,711896.0,714397.0,711959.0,711926.0,713264.0,719279.0,722879.0,727195.0,731283.0,739345.0,747394.0,753847.0,751299.0,748025.0,751589.0,762678.0,776602.0,787805.0,795409.0,799910.0,803051.0,810772.0,819207.0,831874.0,848413.0,868562.0,890951.0,904546.0,914274.0,917125.0,921494.0
39051,2,Houston,City,TX,TX,Houston-The Woodlands-Sugar Land,Harris County,108192.0,108202.0,108003.0,108005.0,107959.0,108189.0,108408.0,108750.0,109177.0,109423.0,110030.0,110608.0,110919.0,110932.0,110473.0,110325.0,110306.0,110521.0,110699.0,110600.0,110743.0,110984.0,111286.0,111508.0,111695.0,111964.0,112481.0,113105.0,113684.0,114140.0,114624.0,115194.0,115686.0,115977.0,116245.0,116438.0,116809.0,117041.0,117412.0,117605.0,117816.0,117960.0,118131.0,118371.0,118478.0,118641.0,118755.0,119030.0,119482.0,120569.0,122405.0,123726.0,125036.0,125174.0,126045.0,126390.0,127165.0,127703.0,128288.0,129043.0,129741.0,130453.0,130910.0,131282.0,131355.0,131481.0,131458.0,131357.0,131191.0,130953.0,131110.0,131114.0,131257.0,131065.0,131162.0,131315.0,131963.0,132432.0,132973.0,133320.0,133882.0,134522.0,135008.0,135492.0,135626.0,135433.0,135057.0,135180.0,135608.0,136233.0,136469.0,136822.0,137068.0,137336.0,137522.0,137686.0,137097.0,136406.0,135695.0,135530.0,135132.0,134681.0,134304.0,133687.0,132856.0,132119.0,131184.0,130228.0,129201.0,129049.0,128994.0,129173.0,129344.0,129789.0,130296.0,130373.0,130127.0,129587.0,129496.0,129587.0,129406.0,129249.0,129405.0,129927.0,130310.0,130093.0,129194.0,127746.0,126613.0,125784.0,125391.0,124954.0,124399.0,123816.0,122894.0,122283.0,121784.0,121533.0,121440.0,121378.0,121186.0,120912.0,119931.0,119271.0,118979.0,119279.0,119758.0,119938.0,120236.0,120463.0,121011.0,121491.0,121783.0,121740.0,121979.0,122272.0,123017.0,123925.0,125544.0,127314.0,128941.0,130096.0,131298.0,132613.0,133948.0,135275.0,136487.0,137602.0,138838.0,140166.0,141236.0,142156.0,143019.0,144362.0,145670.0,147272.0,148740.0,150068.0,151243.0,152488.0,153952.0,155256.0,156844.0,158120.0,159352.0,160205.0,160669.0,161013.0,161244.0,161933.0,162450.0,163072.0,164147.0,165179.0,165867.0,165934.0,166404.0,167116.0,167973.0,168222.0,168441.0,168636.0,169724.0,170908.0,171552.0,172024.0,172537.0,173398.0,173946.0,174444.0,174583.0,174690.0,174874.0,175395.0,176066.0,176655.0,177326.0,177874.0,178455.0,179405.0,180400.0,181357.0,182069.0,182983.0,183940.0,184936.0,185877.0,186746.0,187813.0,188712.0,189208.0,189288.0,189433.0,189958.0,190482.0,191103.0,191421.0,192278.0,192838.0,193391.0,193131.0,193396.0,194295.0,195631.0,196488.0,196885.0,197291.0,198197.0,200252.0,202499.0,204962.0,207046.0,209082.0,211443.0,212627.0,214299.0,216399.0,220882.0,225774.0,231083.0,235150.0,238655.0,241052.0
17426,3,Chicago,City,IL,IL,Chicago-Naperville-Elgin,Cook County,166876.0,167274.0,168110.0,169575.0,171255.0,172770.0,174368.0,176060.0,177713.0,179426.0,181279.0,183067.0,184706.0,185964.0,187617.0,189150.0,190901.0,192331.0,193789.0,195492.0,197287.0,199220.0,200751.0,201985.0,203293.0,204691.0,206517.0,207751.0,209089.0,209943.0,211416.0,213138.0,215217.0,217055.0,218276.0,219735.0,221228.0,223092.0,224669.0,226388.0,227593.0,228819.0,229880.0,231532.0,233296.0,235342.0,237086.0,238917.0,240953.0,242777.0,244474.0,246351.0,248718.0,251206.0,253441.0,255599.0,257549.0,259681.0,262002.0,264567.0,266982.0,269284.0,271526.0,273933.0,276596.0,279204.0,281641.0,283919.0,286639.0,289044.0,291556.0,294031.0,296666.0,299183.0,301552.0,303531.0,305176.0,305880.0,306621.0,307019.0,307381.0,307284.0,307404.0,307876.0,309003.0,310106.0,310746.0,310612.0,309963.0,309291.0,308353.0,307639.0,306273.0,305237.0,304058.0,302470.0,301538.0,297375.0,298027.0,293894.0,294768.0,289774.0,289452.0,284455.0,281939.0,276068.0,272261.0,266482.0,260596.0,256352.0,251694.0,250452.0,247228.0,246150.0,244058.0,242577.0,238567.0,235270.0,231718.0,231417.0,229472.0,229338.0,226504.0,227883.0,226475.0,227817.0,223726.0,221866.0,218000.0,215754.0,212298.0,209148.0,206669.0,204125.0,203006.0,201060.0,200670.0,198861.0,198729.0,197370.0,196259.0,192812.0,190956.0,187448.0,186117.0,182736.0,183483.0,183492.0,184525.0,183809.0,182240.0,181138.0,180024.0,180817.0,181737.0,182572.0,184125.0,185552.0,186795.0,188238.0,189904.0,193016.0,195828.0,198736.0,200425.0,203280.0,204116.0,205726.0,205960.0,207974.0,209071.0,209626.0,210749.0,212562.0,213975.0,214236.0,214989.0,215700.0,216479.0,217247.0,217689.0,218566.0,219385.0,221362.0,222790.0,223289.0,223736.0,224067.0,224311.0,224142.0,224323.0,225645.0,227229.0,230227.0,232189.0,233637.0,233789.0,233956.0,234664.0,235265.0,235888.0,236735.0,238397.0,240315.0,242587.0,244786.0,247407.0,249018.0,249839.0,249488.0,249372.0,249564.0,250707.0,251188.0,251840.0,253164.0,255525.0,257702.0,258134.0,258252.0,258315.0,258603.0,258609.0,258398.0,259061.0,259695.0,260788.0,261602.0,261714.0,262226.0,262372.0,262973.0,262679.0,262267.0,261832.0,261389.0,261067.0,260744.0,260660.0,260776.0,261314.0,262285.0,262960.0,263278.0,263174.0,263525.0,265222.0,267385.0,271400.0,274930.0,277767.0,279387.0,279904.0,282124.0,283676.0,286501.0,287518.0,289626.0,292063.0,295107.0,297153.0,299176.0,301745.0
6915,4,San Antonio,City,TX,TX,San Antonio-New Braunfels,Bexar County,105446.0,105612.0,105711.0,105895.0,105091.0,104271.0,103423.0,103518.0,103568.0,103605.0,103557.0,103515.0,103438.0,103290.0,103119.0,102944.0,102842.0,102770.0,102719.0,102712.0,102617.0,102549.0,102394.0,102307.0,102268.0,102389.0,102657.0,103067.0,103419.0,103749.0,103999.0,104366.0,104722.0,105078.0,105526.0,105840.0,106028.0,105994.0,105990.0,106131.0,106422.0,106803.0,107179.0,107554.0,107907.0,108111.0,108062.0,108178.0,109104.0,110803.0,112204.0,113560.0,114314.0,115315.0,115961.0,116443.0,117347.0,117905.0,118761.0,119067.0,119469.0,119934.0,120458.0,121021.0,121417.0,121686.0,121788.0,121893.0,122147.0,122710.0,123077.0,123449.0,123659.0,124146.0,124599.0,125099.0,125689.0,126483.0,127425.0,128279.0,129261.0,130223.0,131345.0,132504.0,133312.0,133572.0,133534.0,133734.0,134714.0,135839.0,137012.0,137796.0,138418.0,139019.0,139510.0,140038.0,139739.0,139371.0,138979.0,139153.0,139263.0,139094.0,138745.0,137882.0,137056.0,136305.0,136031.0,135651.0,135117.0,134432.0,134050.0,133800.0,133605.0,133127.0,132600.0,131764.0,131251.0,130957.0,131160.0,131217.0,131316.0,131380.0,131655.0,131892.0,132160.0,132069.0,131961.0,131923.0,131742.0,131164.0,130128.0,129272.0,128704.0,128187.0,128070.0,127682.0,127333.0,126476.0,125998.0,125629.0,125521.0,125305.0,125279.0,124900.0,124701.0,124750.0,125445.0,126164.0,126802.0,127255.0,127369.0,127277.0,126833.0,126756.0,127049.0,127636.0,128507.0,129194.0,129675.0,129864.0,130042.0,130657.0,131387.0,132335.0,133221.0,134030.0,134512.0,134960.0,135575.0,136540.0,137376.0,138105.0,138938.0,139686.0,140304.0,140403.0,140627.0,141066.0,141941.0,142970.0,143813.0,145070.0,146054.0,147127.0,147520.0,148361.0,149282.0,150653.0,151492.0,152338.0,152732.0,153661.0,154745.0,155447.0,156225.0,157295.0,158725.0,159800.0,160160.0,160441.0,160742.0,161049.0,161802.0,163030.0,165034.0,166912.0,168064.0,168437.0,168592.0,169142.0,169960.0,171064.0,171940.0,172958.0,173859.0,174376.0,174456.0,174573.0,175603.0,176726.0,177884.0,178700.0,179588.0,180475.0,180822.0,181475.0,181831.0,183197.0,184314.0,185907.0,186562.0,187299.0,187740.0,188359.0,188962.0,189604.0,190620.0,191294.0,191947.0,191879.0,192345.0,192500.0,193365.0,193291.0,193335.0,193174.0,194004.0,195273.0,197322.0,199655.0,201734.0,203465.0,205175.0,207485.0,209829.0,213066.0,217031.0,222450.0,227363.0,232553.0,236030.0,239778.0,243114.0
13271,5,Philadelphia,City,PA,PA,Philadelphia-Camden-Wilmington,Philadelphia County,74553.0,74760.0,74948.0,75337.0,75942.0,76427.0,76944.0,77216.0,77627.0,78046.0,78466.0,78872.0,79203.0,79537.0,79933.0,80428.0,80823.0,81134.0,81474.0,81906.0,82353.0,82698.0,83069.0,83414.0,83755.0,84094.0,84529.0,84959.0,85443.0,85934.0,86592.0,87200.0,87924.0,88656.0,89373.0,89990.0,90621.0,91400.0,92164.0,92963.0,93689.0,94640.0,95714.0,96889.0,98044.0,98986.0,99883.0,100724.0,101599.0,102584.0,103263.0,103941.0,104824.0,106384.0,108469.0,110786.0,112682.0,114034.0,115217.0,116902.0,119009.0,120482.0,122154.0,123703.0,126052.0,128352.0,131139.0,134127.0,136933.0,139255.0,141225.0,142864.0,144128.0,145218.0,146067.0,147325.0,148742.0,150793.0,152819.0,154225.0,155031.0,155140.0,155172.0,155498.0,156351.0,157212.0,157889.0,157946.0,158564.0,159162.0,159896.0,159850.0,159194.0,158976.0,159126.0,159507.0,159267.0,159485.0,159337.0,159477.0,158856.0,158184.0,156987.0,155777.0,154850.0,154441.0,153832.0,152755.0,151143.0,149988.0,149606.0,149939.0,150271.0,150250.0,150040.0,149786.0,149836.0,149778.0,149862.0,149453.0,149613.0,149938.0,150719.0,151436.0,151931.0,152176.0,151731.0,150727.0,148853.0,147202.0,145885.0,144968.0,144032.0,143395.0,143624.0,143438.0,142838.0,141330.0,139887.0,138611.0,138015.0,137799.0,137656.0,137382.0,136804.0,136061.0,135588.0,135401.0,134996.0,134414.0,133758.0,133328.0,132985.0,132581.0,132340.0,132098.0,132052.0,131761.0,131619.0,131901.0,132812.0,133841.0,134447.0,134656.0,134504.0,134617.0,134999.0,135577.0,135794.0,135978.0,135964.0,135479.0,134949.0,134538.0,134672.0,134572.0,134527.0,134520.0,134825.0,135378.0,136026.0,136407.0,137198.0,138398.0,139108.0,139280.0,138998.0,139543.0,140405.0,140965.0,141283.0,140642.0,140651.0,140653.0,140613.0,140732.0,140888.0,141988.0,142493.0,143194.0,143686.0,144778.0,146052.0,148134.0,148714.0,148845.0,148677.0,149841.0,151178.0,152015.0,152605.0,153253.0,154258.0,155979.0,157520.0,159362.0,160931.0,163075.0,165294.0,166994.0,168217.0,168863.0,170011.0,171240.0,172748.0,173922.0,175405.0,177108.0,179117.0,180480.0,181125.0,181324.0,182031.0,182735.0,183570.0,184206.0,185010.0,185753.0,186372.0,187277.0,188309.0,189537.0,190865.0,192142.0,192713.0,193200.0,194785.0,197833.0,200597.0,203330.0,205500.0,207993.0,210404.0,212823.0,214980.0,216760.0,219073.0,221423.0,223607.0,224917.0,226006.0,227050.0,228079.0
40326,6,Phoenix,City,AZ,AZ,Phoenix-Mesa-Scottsdale,Maricopa County,123564.0,123944.0,124396.0,125332.0,126273.0,127037.0,127827.0,128614.0,129519.0,130316.0,131084.0,131848.0,132610.0,133371.0,134159.0,134915.0,135651.0,136379.0,137080.0,137807.0,138510.0,139246.0,140019.0,140684.0,141261.0,141753.0,142358.0,142965.0,143511.0,144123.0,144768.0,145583.0,146186.0,146842.0,147415.0,148105.0,148745.0,149455.0,150056.0,150757.0,151402.0,152139.0,152831.0,153640.0,154599.0,155532.0,156282.0,156879.0,157422.0,158213.0,159224.0,160429.0,161893.0,163388.0,165668.0,168289.0,170665.0,173059.0,175359.0,178590.0,182065.0,186723.0,191063.0,196146.0,201611.0,209395.0,217932.0,226101.0,234902.0,242253.0,249766.0,253591.0,255285.0,259348.0,264179.0,269678.0,271800.0,273054.0,272731.0,271162.0,268818.0,268207.0,266726.0,265541.0,263944.0,263356.0,263259.0,263676.0,263960.0,263157.0,261507.0,259159.0,256632.0,254036.0,250083.0,245890.0,241570.0,236063.0,230508.0,223428.0,218951.0,214162.0,209053.0,202151.0,195652.0,190603.0,183452.0,176015.0,169256.0,165801.0,162363.0,158576.0,153978.0,150405.0,147298.0,144734.0,142210.0,138891.0,137707.0,137018.0,137072.0,135716.0,134397.0,134017.0,133392.0,132711.0,130049.0,127900.0,124977.0,123395.0,121463.0,119521.0,116945.0,114854.0,113698.0,112156.0,110707.0,108974.0,108421.0,108174.0,108212.0,108312.0,108278.0,109177.0,109827.0,111053.0,111743.0,114271.0,117731.0,121479.0,124610.0,127678.0,131282.0,134658.0,137921.0,140036.0,142828.0,144899.0,147767.0,149579.0,151747.0,154586.0,158286.0,161348.0,163747.0,165551.0,166176.0,167820.0,169924.0,172956.0,173795.0,173405.0,173169.0,173458.0,173563.0,173841.0,173712.0,174228.0,175318.0,176643.0,177469.0,178262.0,180238.0,182155.0,183985.0,184893.0,186636.0,188090.0,190004.0,191170.0,192114.0,192850.0,194763.0,196456.0,197872.0,198899.0,200073.0,201155.0,201528.0,202246.0,203430.0,205255.0,206973.0,207876.0,208865.0,210370.0,212341.0,213777.0,214961.0,216206.0,217938.0,218923.0,220428.0,221855.0,223409.0,224306.0,225655.0,227675.0,229619.0,231211.0,232503.0,233608.0,234942.0,236297.0,238060.0,239166.0,239827.0,240486.0,241522.0,242840.0,244339.0,245127.0,245786.0,246319.0,247307.0,249087.0,250693.0,252339.0,253854.0,255871.0,257825.0,259902.0,262749.0,266753.0,269448.0,271286.0,273427.0,277706.0,282812.0,287907.0,293394.0,299583.0,306807.0,312633.0,320576.0,326339.0,337227.0,347159.0,358745.0,367588.0,374712.0,381542.0,386883.0
18959,7,Las Vegas,City,NV,NV,Las Vegas-Henderson-Paradise,Clark County,165455.0,165434.0,165777.0,166490.0,167277.0,167958.0,168477.0,169159.0,169895.0,170631.0,171384.0,172124.0,172899.0,173806.0,174752.0,175672.0,176655.0,177590.0,178653.0,179762.0,180822.0,181821.0,182597.0,183528.0,184347.0,185039.0,185911.0,186886.0,187986.0,188723.0,189440.0,190181.0,190778.0,191662.0,192689.0,193937.0,195115.0,196316.0,197609.0,198869.0,200413.0,201898.0,203727.0,205674.0,208078.0,210592.0,213826.0,217018.0,220779.0,224265.0,230256.0,235997.0,243876.0,251692.0,262991.0,272488.0,283870.0,290846.0,297604.0,301652.0,305473.0,312157.0,318186.0,327493.0,331938.0,335634.0,336924.0,340242.0,342282.0,343606.0,344090.0,344591.0,345504.0,345761.0,348521.0,351696.0,355338.0,356345.0,356680.0,355995.0,355517.0,354254.0,352540.0,351573.0,350148.0,349537.0,348594.0,346679.0,344257.0,340922.0,336878.0,333097.0,328589.0,324678.0,317429.0,309975.0,300184.0,290305.0,280575.0,273303.0,267413.0,259868.0,251878.0,243582.0,235118.0,227332.0,218347.0,211135.0,203302.0,198252.0,192813.0,187194.0,179788.0,172451.0,165178.0,159987.0,156113.0,154116.0,152645.0,151014.0,150433.0,149637.0,148832.0,147369.0,146031.0,145763.0,145237.0,144631.0,143411.0,142527.0,142313.0,141645.0,139962.0,137772.0,135712.0,133914.0,132966.0,131310.0,130383.0,128474.0,127810.0,127113.0,126640.0,126103.0,125992.0,125768.0,125427.0,125142.0,125452.0,126934.0,128514.0,130658.0,132429.0,134291.0,136376.0,138648.0,141456.0,144533.0,148465.0,151683.0,155780.0,160290.0,165791.0,170350.0,174510.0,177999.0,181050.0,182947.0,184822.0,186782.0,188100.0,188707.0,188693.0,189048.0,189967.0,190584.0,190208.0,190831.0,191469.0,193591.0,194607.0,195931.0,196527.0,197619.0,199275.0,200845.0,201491.0,202341.0,203756.0,204671.0,204931.0,205447.0,206768.0,208469.0,209254.0,210805.0,211984.0,214159.0,216012.0,217455.0,218714.0,218498.0,219064.0,217390.0,217211.0,217302.0,220180.0,222791.0,225450.0,228850.0,232694.0,235736.0,239014.0,242769.0,247136.0,251217.0,253911.0,257366.0,259204.0,262079.0,264482.0,268412.0,271929.0,275770.0,278445.0,280284.0,281205.0,283036.0,284770.0,286600.0,286965.0,288129.0,288565.0,288502.0,287019.0,285516.0,284247.0,284366.0,285707.0,287092.0,288565.0,289679.0,291957.0,294483.0,294719.0,292949.0,291981.0,294140.0,298440.0,301954.0,305182.0,308508.0,311975.0,315266.0,318949.0,323319.0,331594.0,342485.0,354055.0,363087.0,370638.0,377606.0,384931.0
54296,8,San Diego,City,CA,CA,San Diego-Carlsbad,San Diego County,229569.0,230995.0,232448.0,235713.0,238795.0,242815.0,247020.0,251555.0,255628.0,259195.0,262931.0,266168.0,269055.0,272614.0,277197.0,282775.0,287358.0,290653.0,292962.0,295291.0,298016.0,300899.0,303813.0,305957.0,308204.0,310350.0,313307.0,316729.0,321035.0,325719.0,331407.0,337343.0,343382.0,349540.0,355111.0,361377.0,366442.0,371422.0,376613.0,382070.0,388033.0,392609.0,398567.0,403667.0,410449.0,416188.0,422083.0,421529.0,426619.0,434247.0,447047.0,455676.0,464607.0,480161.0,494401.0,507661.0,516796.0,526417.0,533722.0,540042.0,543550.0,546919.0,553201.0,561158.0,569005.0,571212.0,571710.0,572411.0,573166.0,573582.0,573383.0,573125.0,574699.0,573970.0,574086.0,572819.0,574117.0,572790.0,569335.0,564147.0,559848.0,556706.0,555195.0,552982.0,551356.0,548739.0,542759.0,537015.0,530850.0,527152.0,521987.0,518957.0,514304.0,510215.0,504375.0,500769.0,494979.0,487830.0,479662.0,473998.0,466992.0,460032.0,451611.0,444170.0,434615.0,426822.0,419568.0,415381.0,411332.0,409546.0,408951.0,404600.0,402632.0,397778.0,398833.0,396880.0,399132.0,400354.0,405468.0,409412.0,413248.0,415209.0,418086.0,422740.0,423588.0,423109.0,419549.0,416808.0,412910.0,407937.0,404141.0,402936.0,402187.0,401205.0,398079.0,396524.0,394539.0,393636.0,391387.0,387066.0,382737.0,379473.0,378581.0,377450.0,378646.0,379931.0,381401.0,381185.0,382414.0,385445.0,388378.0,390987.0,393178.0,396617.0,400841.0,409125.0,416549.0,424025.0,430999.0,438698.0,446110.0,454755.0,463621.0,471918.0,475821.0,478322.0,481342.0,484998.0,491653.0,499524.0,499983.0,497641.0,493008.0,492482.0,492533.0,489070.0,488877.0,489266.0,493998.0,496026.0,496329.0,496937.0,502102.0,505918.0,509708.0,509512.0,508033.0,508415.0,510750.0,515779.0,519672.0,525059.0,533501.0,536974.0,536047.0,535471.0,537093.0,540693.0,538679.0,540938.0,543917.0,550732.0,554307.0,557464.0,557926.0,561537.0,566086.0,572078.0,577954.0,582324.0,583755.0,584825.0,587604.0,593982.0,598200.0,602795.0,609790.0,617197.0,622088.0,621927.0,621358.0,622909.0,625652.0,629730.0,631336.0,634075.0,635091.0,634770.0,630662.0,628136.0,627632.0,631034.0,632841.0,635119.0,637886.0,640446.0,641361.0,642058.0,644087.0,646746.0,650023.0,653668.0,659929.0,664183.0,667353.0,667163.0,670687.0,677499.0,688119.0,699372.0,712255.0,723614.0,733726.0,742009.0,752444.0,766965.0,789173.0,814555.0,839902.0,855406.0,866131.0,871224.0,879297.0
38128,9,Dallas,City,TX,TX,Dallas-Fort Worth-Arlington,Dallas County,120067.0,120232.0,120301.0,120516.0,120804.0,121099.0,121577.0,122153.0,122864.0,123526.0,124152.0,124853.0,125214.0,124607.0,124449.0,124565.0,125298.0,125156.0,125044.0,125200.0,125536.0,125839.0,125974.0,126143.0,126083.0,126293.0,126476.0,126936.0,127316.0,128007.0,128669.0,129320.0,129927.0,130438.0,130983.0,131357.0,131629.0,131860.0,132236.0,132516.0,132696.0,132807.0,132719.0,132735.0,132792.0,133136.0,133447.0,133466.0,134599.0,136575.0,139417.0,141260.0,142048.0,142237.0,142357.0,142713.0,142767.0,142920.0,143520.0,143958.0,145159.0,145066.0,145419.0,145374.0,146144.0,147001.0,147328.0,147509.0,147785.0,147669.0,147759.0,147326.0,147100.0,147327.0,147525.0,148181.0,148723.0,149233.0,149102.0,148718.0,148703.0,149702.0,150134.0,150661.0,150033.0,149357.0,148687.0,149079.0,150007.0,150596.0,151031.0,151377.0,151858.0,151718.0,151780.0,151979.0,151268.0,149648.0,147876.0,147049.0,146654.0,146158.0,146078.0,145552.0,144603.0,143011.0,140514.0,139023.0,137512.0,137950.0,137961.0,138651.0,138997.0,139153.0,139323.0,138797.0,138661.0,138336.0,139012.0,139215.0,138576.0,137743.0,136787.0,136832.0,136513.0,136498.0,135725.0,134639.0,132897.0,131751.0,130656.0,130494.0,129866.0,129324.0,128257.0,127340.0,126510.0,125977.0,125772.0,125494.0,125373.0,125004.0,124711.0,123884.0,122792.0,122572.0,122728.0,123109.0,123198.0,123454.0,124495.0,125023.0,125564.0,125798.0,126468.0,127000.0,127129.0,127034.0,127040.0,127917.0,129011.0,130367.0,131539.0,132519.0,133766.0,135166.0,136800.0,138039.0,138019.0,138094.0,138129.0,139061.0,140104.0,141487.0,141131.0,141004.0,141008.0,142632.0,144367.0,145915.0,146350.0,146462.0,146677.0,148715.0,151175.0,153703.0,156235.0,157040.0,157817.0,158565.0,160802.0,163050.0,163221.0,163086.0,162919.0,164696.0,167025.0,169550.0,172491.0,173882.0,175327.0,176656.0,179127.0,181251.0,182780.0,184378.0,185878.0,187430.0,188828.0,189725.0,190685.0,190839.0,191519.0,192139.0,193618.0,195532.0,199163.0,202882.0,206215.0,207701.0,209302.0,210757.0,212644.0,215408.0,216608.0,217298.0,216996.0,218148.0,221414.0,224434.0,227236.0,227486.0,227142.0,226618.0,226487.0,227700.0,229640.0,228910.0,227395.0,225100.0,227672.0,229990.0,232702.0,232738.0,232467.0,232065.0,232392.0,234512.0,237187.0,240376.0,242187.0,244151.0,247227.0,251009.0,254553.0,257317.0,260264.0,264417.0,268726.0,275575.0,282134.0,287576.0,290564.0
10221,10,Austin,City,TX,TX,Austin-Round Rock,Travis County,199104.0,200145.0,200884.0,201922.0,202480.0,202441.0,202511.0,203677.0,204709.0,206260.0,206917.0,207559.0,207619.0,207572.0,208229.0,209283.0,210038.0,210421.0,210497.0,210826.0,210822.0,210824.0,210844.0,210610.0,210660.0,210043.0,209967.0,209654.0,209438.0,208964.0,208404.0,208300.0,208613.0,208674.0,208656.0,208158.0,208014.0,208135.0,208612.0,208946.0,208941.0,208738.0,209034.0,209283.0,209369.0,209018.0,208820.0,208806.0,208933.0,209646.0,210513.0,211443.0,211837.0,212180.0,212714.0,213642.0,214993.0,215947.0,216654.0,217013.0,217229.0,217398.0,217598.0,218261.0,218999.0,220018.0,221012.0,221731.0,222411.0,222626.0,223131.0,223619.0,224203.0,224436.0,224178.0,224225.0,224566.0,225489.0,226600.0,227911.0,229424.0,230409.0,231258.0,231966.0,232893.0,233473.0,234011.0,234958.0,236138.0,237314.0,238375.0,239454.0,240540.0,241584.0,242624.0,243458.0,243688.0,243527.0,243858.0,244438.0,245094.0,244709.0,244313.0,243485.0,242843.0,241666.0,239502.0,237740.0,236416.0,235993.0,235162.0,234352.0,233963.0,233930.0,233731.0,233404.0,232806.0,232462.0,232885.0,233245.0,232852.0,232526.0,232587.0,233279.0,234047.0,234217.0,233625.0,232285.0,230913.0,229739.0,228424.0,227316.0,226658.0,225976.0,225700.0,225920.0,226028.0,225875.0,225286.0,225590.0,225790.0,225633.0,225157.0,224887.0,225425.0,226307.0,227800.0,229536.0,231525.0,233464.0,234974.0,236080.0,236726.0,237170.0,237469.0,238877.0,240738.0,243350.0,246048.0,249737.0,253259.0,256392.0,259149.0,261082.0,263275.0,265621.0,269390.0,272242.0,274806.0,276667.0,278970.0,281204.0,283603.0,286051.0,288150.0,290132.0,292341.0,294837.0,297459.0,299829.0,301619.0,303366.0,304803.0,306309.0,307657.0,309276.0,312069.0,314638.0,316911.0,318681.0,320857.0,323959.0,327228.0,329964.0,332170.0,333744.0,335007.0,336074.0,337281.0,337491.0,338115.0,339797.0,343007.0,345531.0,346418.0,347352.0,348737.0,350642.0,351930.0,352707.0,352873.0,353040.0,353756.0,355331.0,357462.0,359598.0,361699.0,363115.0,364108.0,364226.0,364861.0,366323.0,367920.0,370464.0,371628.0,373351.0,373460.0,374672.0,376562.0,379581.0,381179.0,382395.0,382798.0,383759.0,384433.0,385808.0,388139.0,389085.0,390518.0,391511.0,394551.0,396873.0,400749.0,404806.0,408821.0,410957.0,413457.0,417915.0,424573.0,431524.0,439390.0,446115.0,452996.0,465226.0,482550.0,506378.0,530111.0,556958.0,578769.0,594680.0,600557.0,606665.0,612645.0
33839,11,San Jose,City,CA,CA,San Jose-Sunnyvale-Santa Clara,Santa Clara County,380956.0,383250.0,386481.0,395847.0,404766.0,415410.0,423486.0,434268.0,444655.0,455494.0,466814.0,476978.0,487413.0,496470.0,505965.0,513895.0,519631.0,521062.0,520904.0,519973.0,518933.0,515556.0,509349.0,503265.0,498285.0,498105.0,499832.0,503374.0,507457.0,511288.0,515317.0,516664.0,517573.0,518818.0,521697.0,522853.0,524357.0,526340.0,527504.0,527769.0,525251.0,524449.0,523449.0,523942.0,526454.0,528416.0,531758.0,536883.0,544285.0,550512.0,555200.0,561730.0,569786.0,578661.0,585856.0,592781.0,599111.0,607309.0,618055.0,630918.0,642969.0,654305.0,667923.0,678849.0,690458.0,697252.0,708074.0,715765.0,724442.0,729165.0,732861.0,739183.0,745189.0,750595.0,747176.0,746496.0,747174.0,750739.0,752051.0,748325.0,750224.0,750115.0,752665.0,755739.0,756400.0,758592.0,759388.0,760860.0,760517.0,756358.0,754159.0,752575.0,750336.0,744499.0,738195.0,729848.0,720630.0,706967.0,693038.0,683380.0,674494.0,663007.0,648538.0,634982.0,619536.0,606741.0,587071.0,578271.0,560604.0,555485.0,540627.0,535752.0,529129.0,528661.0,527247.0,523478.0,521006.0,522782.0,531339.0,534879.0,540149.0,540988.0,552753.0,554886.0,556510.0,548568.0,541897.0,539190.0,539116.0,538824.0,533970.0,527456.0,524814.0,520119.0,518270.0,515000.0,509790.0,510869.0,509485.0,511683.0,503543.0,496744.0,497008.0,496574.0,497609.0,499159.0,504870.0,513369.0,521051.0,528901.0,537234.0,543919.0,550980.0,560869.0,571676.0,584864.0,598553.0,609620.0,620942.0,629607.0,641650.0,653073.0,661659.0,667025.0,669977.0,677331.0,678635.0,687739.0,697776.0,713841.0,720493.0,720563.0,716191.0,712676.0,715958.0,721323.0,730990.0,738099.0,747923.0,753454.0,758086.0,762221.0,771957.0,775782.0,789968.0,796359.0,805681.0,808701.0,816417.0,825664.0,832372.0,840093.0,848390.0,854501.0,858347.0,864413.0,860150.0,859556.0,853383.0,859356.0,860818.0,867695.0,872161.0,878949.0,884647.0,893141.0,897011.0,901959.0,904990.0,911628.0,918356.0,930781.0,950707.0,972293.0,993649.0,1015022.0,1037631.0,1062935.0,1085334.0,1102323.0,1122874.0,1140955.0,1159851.0,1157874.0,1150910.0,1139681.0,1131502.0,1115703.0,1096638.0,1079982.0,1067755.0,1062284.0,1055471.0,1045164.0,1035329.0,1028012.0,1031719.0,1031244.0,1034344.0,1036467.0,1050092.0,1063499.0,1080860.0,1085723.0,1071300.0,1057836.0,1053782.0,1076180.0,1094454.0,1111510.0,1124919.0,1136378.0,1145698.0,1148674.0,1153414.0,1169460.0,1205598.0,1249595.0,1284136.0,1303481.0,1309803.0,1318506.0,1332518.0
25290,12,Jacksonville,City,FL,FL,Jacksonville,Duval County,103108.0,103421.0,103692.0,104273.0,104809.0,105407.0,105989.0,106494.0,106890.0,107312.0,107887.0,108522.0,109112.0,109748.0,110424.0,111192.0,111813.0,112432.0,113121.0,113767.0,114444.0,115087.0,115911.0,116715.0,117443.0,118169.0,118905.0,119666.0,120423.0,121185.0,121995.0,122774.0,123504.0,124172.0,124863.0,125694.0,126632.0,127572.0,128398.0,129291.0,130138.0,131074.0,132034.0,133103.0,134207.0,135218.0,136356.0,137285.0,138226.0,138992.0,140178.0,141635.0,143246.0,144835.0,146371.0,148103.0,149776.0,151128.0,152496.0,154128.0,155973.0,157595.0,159160.0,161124.0,163254.0,165667.0,168045.0,170626.0,173396.0,176026.0,178376.0,180531.0,183090.0,185658.0,188280.0,190813.0,193686.0,196225.0,198566.0,200375.0,201335.0,201850.0,201861.0,201855.0,201434.0,200884.0,200821.0,200778.0,200976.0,200515.0,200184.0,199495.0,198636.0,197177.0,195745.0,194145.0,192463.0,191382.0,190200.0,188606.0,186490.0,184359.0,182290.0,179532.0,176809.0,174343.0,172233.0,170025.0,169016.0,167010.0,165108.0,161417.0,158621.0,156264.0,155530.0,154883.0,153887.0,151941.0,150747.0,149726.0,147961.0,146151.0,144586.0,144204.0,144070.0,143887.0,142400.0,139954.0,137645.0,136328.0,134793.0,132701.0,130018.0,128139.0,126120.0,124598.0,122337.0,120368.0,118629.0,117271.0,116017.0,114496.0,113524.0,113042.0,113085.0,112790.0,112374.0,112532.0,112535.0,112545.0,112445.0,112687.0,113132.0,113801.0,114706.0,116098.0,116930.0,118040.0,118863.0,119840.0,121310.0,122914.0,124801.0,126463.0,128035.0,129426.0,130792.0,132134.0,133675.0,134452.0,135115.0,135440.0,135805.0,136168.0,136200.0,136337.0,136952.0,137917.0,138772.0,138988.0,138914.0,139117.0,139919.0,140839.0,141589.0,142201.0,143046.0,144082.0,144688.0,145487.0,146009.0,147420.0,147923.0,148351.0,148289.0,149696.0,151339.0,152613.0,153280.0,154124.0,155475.0,156806.0,157704.0,158626.0,159369.0,161026.0,162625.0,163938.0,164721.0,165477.0,166410.0,167873.0,169246.0,171019.0,172646.0,174554.0,175311.0,175654.0,175753.0,177053.0,178949.0,180711.0,182610.0,183835.0,184928.0,186052.0,187090.0,187786.0,188185.0,188922.0,189665.0,190437.0,190955.0,192126.0,192742.0,193246.0,193413.0,194483.0,194629.0,195049.0,195680.0,197801.0,200400.0,201894.0,202567.0,202465.0,202540.0,203909.0,205982.0,208797.0,211118.0,213213.0,216530.0,220382.0,224189.0,227363.0,231426.0,236548.0,242438.0,247925.0,253817.0,258981.0,264271.0
32149,13,Indianapolis,City,IN,IN,Indianapolis-Carmel-Anderson,Marion County,"","","","","","","","","","","","","","","","","","","","","","","","","","","","","","","","","","","","","","","","","","",96014.0,96126.0,95963.0,96293.0,96660.0,97237.0,97218.0,97181.0,97198.0,97438.0,97674.0,97941.0,98140.0,98354.0,98327.0,98713.0,99114.0,99736.0,100442.0,101709.0,103130.0,104218.0,104767.0,105156.0,105453.0,105681.0,105738.0,106151.0,106560.0,107112.0,107072.0,106995.0,106833.0,106960.0,107052.0,107309.0,107454.0,107709.0,107769.0,108186.0,108586.0,109197.0,109278.0,109373.0,109259.0,109354.0,109141.0,108973.0,108753.0,108371.0,107716.0,107333.0,107818.0,108540.0,108766.0,108398.0,107966.0,107784.0,108033.0,108476.0,108514.0,108242.0,107438.0,107019.0,106186.0,105000.0,103986.0,102890.0,102759.0,102620.0,103254.0,103843.0,104517.0,104821.0,105157.0,104936.0,105411.0,105931.0,106538.0,107155.0,107627.0,108197.0,108374.0,108356.0,107346.0,105900.0,103663.0,102452.0,101101.0,100691.0,100369.0,100318.0,100206.0,99770.0,98602.0,97375.0,96615.0,96840.0,97306.0,97238.0,96578.0,95722.0,94737.0,94438.0,95043.0,96374.0,97792.0,98310.0,98421.0,98046.0,97640.0,97703.0,96895.0,96565.0,96070.0,96694.0,97255.0,98775.0,99924.0,100814.0,100735.0,100987.0,101291.0,101625.0,102199.0,102993.0,104305.0,105995.0,107921.0,109499.0,110258.0,110834.0,111182.0,111422.0,111298.0,111248.0,111605.0,111952.0,111754.0,111266.0,110453.0,110551.0,110921.0,111560.0,111390.0,111163.0,111314.0,111660.0,112342.0,112915.0,113640.0,114182.0,114139.0,114035.0,113934.0,114975.0,116546.0,118365.0,119755.0,120654.0,120874.0,120588.0,120181.0,120392.0,121404.0,122860.0,124343.0,125583.0,126574.0,127624.0,128142.0,129178.0,130050.0,130840.0,131130.0,131289.0,132440.0,134071.0,135631.0,137140.0,138829.0,140568.0,141703.0,142245.0,143354.0,145229.0,147312.0,147927.0,147968.0,147485.0,148088.0,148228.0,148569.0,148838.0,150127.0,151290.0,152554.0,153022.0,154118.0,155303.0,156286.0,157103.0,157778.0,158843.0,160595.0,162578.0,164961.0,166809.0,168909.0,171450.0,174026.0,176983.0,179933.0,182301.0,184214.0,186073.0,188693.0,191145.0,193379.0,196058.0,199900.0
20330,14,San Francisco,City,CA,CA,San Francisco-Oakland-Hayward,San Francisco County,457414.0,460208.0,463996.0,471995.0,480890.0,490407.0,500094.0,510108.0,519993.0,530367.0,541655.0,553982.0,565930.0,576779.0,584122.0,590686.0,594723.0,598648.0,600208.0,601748.0,602804.0,601190.0,597188.0,590050.0,586419.0,584557.0,586304.0,587719.0,592101.0,598182.0,606003.0,614362.0,620167.0,624904.0,626759.0,629409.0,630980.0,637220.0,643091.0,649774.0,649750.0,649247.0,650099.0,652255.0,655909.0,658959.0,664372.0,670498.0,680215.0,690206.0,699588.0,708811.0,721023.0,733046.0,742753.0,748398.0,759922.0,774381.0,788306.0,798813.0,805488.0,817150.0,827050.0,840600.0,853366.0,864720.0,872544.0,876617.0,884434.0,893043.0,898533.0,901002.0,899191.0,892230.0,888566.0,888904.0,897230.0,901797.0,900746.0,898768.0,895563.0,891445.0,888674.0,886410.0,885699.0,886749.0,893441.0,904531.0,912324.0,915569.0,914560.0,915399.0,915444.0,915530.0,916999.0,911673.0,906261.0,891999.0,888337.0,882481.0,883213.0,873715.0,862132.0,851135.0,841999.0,837673.0,831395.0,827106.0,821294.0,812632.0,803266.0,790011.0,779110.0,772595.0,771243.0,764628.0,753079.0,747917.0,746624.0,757556.0,763194.0,773496.0,772859.0,773618.0,768996.0,766797.0,760344.0,762213.0,762255.0,761284.0,754173.0,744519.0,737989.0,731942.0,729916.0,726625.0,720930.0,712451.0,710294.0,709355.0,709354.0,706234.0,703814.0,704165.0,703958.0,709961.0,716579.0,721867.0,725247.0,731255.0,744219.0,758474.0,772218.0,782715.0,791657.0,802401.0,819992.0,829797.0,841126.0,850859.0,869033.0,887969.0,902517.0,913607.0,918244.0,920703.0,926940.0,939629.0,951627.0,975541.0,993133.0,1010794.0,1015289.0,1015569.0,1017989.0,1010200.0,1010645.0,1014290.0,1035470.0,1047350.0,1054482.0,1066217.0,1080726.0,1097979.0,1103297.0,1117154.0,1132649.0,1148664.0,1167549.0,1185585.0,1198433.0,1212193.0,1230295.0,1238314.0,1234992.0,1222325.0,1222061.0,1217454.0,1202826.0,1187275.0,1184589.0,1193140.0,1209429.0,1214229.0,1215183.0,1207622.0,1205189.0,1213636.0,1228310.0,1244865.0,1254050.0,1266335.0,1277660.0,1289804.0,1300493.0,1307173.0,1315500.0,1326091.0,1347680.0,1370220.0,1383403.0,1402098.0,1406181.0,1414831.0,1410390.0,1416553.0,1413041.0,1407448.0,1407319.0,1408972.0,1407290.0,1404329.0,1407855.0,1411856.0,1409696.0,1405905.0,1401812.0,1409385.0,1412699.0,1425452.0,1428763.0,1439160.0,1441057.0,1450219.0,1440234.0,1430140.0,1411668.0,1414110.0,1415197.0,1410348.0,1398046.0,1390015.0,1391801.0,1399879.0,1411883.0,1420443.0,1437923.0,1454981.0,1483143.0,1498280.0,1514294.0,1523084.0,1531716.0
24043,15,Charlotte,City,NC,NC,Charlotte-Concord-Gastonia,Mecklenburg County,158106.0,158365.0,158714.0,159342.0,159989.0,160503.0,160973.0,161435.0,161902.0,162399.0,162847.0,163284.0,163688.0,164082.0,164511.0,164931.0,165290.0,165574.0,165742.0,166055.0,166352.0,166695.0,166894.0,167003.0,167133.0,167329.0,167571.0,167830.0,167837.0,167886.0,167845.0,167897.0,167964.0,168028.0,168146.0,168244.0,168309.0,168418.0,168457.0,168435.0,168482.0,168541.0,168655.0,168747.0,168782.0,168951.0,169030.0,169234.0,169374.0,169597.0,169776.0,170039.0,170309.0,170756.0,171045.0,171220.0,171301.0,171410.0,171646.0,171735.0,172003.0,172334.0,172737.0,173003.0,173236.0,173732.0,174298.0,174894.0,175375.0,175966.0,176496.0,177014.0,177360.0,177716.0,178008.0,178717.0,179623.0,180809.0,181900.0,182916.0,183684.0,184250.0,184820.0,185550.0,186148.0,186279.0,186855.0,187972.0,189545.0,190772.0,191913.0,192822.0,193509.0,193509.0,193530.0,193189.0,193450.0,193733.0,194120.0,193658.0,192965.0,192022.0,191080.0,190342.0,189696.0,189185.0,187602.0,185160.0,181943.0,180526.0,180209.0,180199.0,179238.0,178111.0,177206.0,175954.0,174847.0,174224.0,174428.0,174355.0,174374.0,173445.0,172453.0,171851.0,171572.0,170776.0,169139.0,167680.0,166243.0,164930.0,163175.0,161981.0,160743.0,159803.0,158655.0,157431.0,155942.0,154807.0,153754.0,152962.0,151911.0,150825.0,149560.0,149455.0,149174.0,149682.0,149572.0,149987.0,150052.0,149823.0,149708.0,149831.0,150164.0,150747.0,151174.0,151068.0,151211.0,151300.0,153158.0,154843.0,157330.0,159031.0,161034.0,162334.0,163233.0,164029.0,164731.0,166117.0,167247.0,169094.0,170528.0,171419.0,171852.0,171779.0,171594.0,171302.0,171334.0,171705.0,172256.0,172869.0,173473.0,174374.0,175643.0,177007.0,177650.0,178238.0,179282.0,181053.0,182370.0,183295.0,183955.0,184343.0,185112.0,186026.0,187077.0,188381.0,190184.0,192480.0,194442.0,195737.0,197152.0,198533.0,200359.0,202279.0,204249.0,205238.0,206437.0,207424.0,208796.0,210084.0,211187.0,213049.0,214835.0,217272.0,219302.0,221431.0,223524.0,225710.0,227220.0,228269.0,229275.0,230545.0,232362.0,233894.0,235719.0,236927.0,238879.0,240599.0,242640.0,243132.0,243347.0,243751.0,244268.0,244707.0,244822.0,245495.0,246497.0,248275.0,250338.0,252543.0,253807.0,255704.0,256276.0,257284.0,258381.0,260364.0,262510.0,264817.0,268073.0,271928.0,274932.0,277912.0,282276.0,286587.0,291245.0,295388.0,300691.0,307960.0,316167.0,324627.0,332100.0,337672.0,343760.0
18172,16,Fort Worth,City,TX,TX,Dallas-Fort Worth-Arlington,Tarrant County,106508.0,106638.0,106647.0,106828.0,107057.0,107310.0,107487.0,107721.0,107909.0,108166.0,108442.0,108857.0,108941.0,108759.0,108155.0,107717.0,107442.0,107693.0,107970.0,108430.0,108412.0,108277.0,108023.0,108079.0,108342.0,108629.0,109084.0,109598.0,110186.0,110877.0,111499.0,112036.0,112280.0,112552.0,112889.0,113331.0,113800.0,114069.0,114352.0,114549.0,114675.0,114880.0,115152.0,115642.0,116193.0,116691.0,116935.0,116879.0,117338.0,118312.0,120325.0,122173.0,123601.0,124337.0,124630.0,125203.0,125893.0,126396.0,126351.0,126407.0,127024.0,127847.0,128384.0,128855.0,129318.0,129484.0,129567.0,129861.0,130156.0,130009.0,129914.0,129736.0,129966.0,130150.0,130527.0,130795.0,131328.0,131873.0,132489.0,132749.0,132925.0,133542.0,133974.0,134592.0,134353.0,134043.0,133497.0,133453.0,133656.0,134036.0,134328.0,134562.0,135022.0,135624.0,135825.0,135953.0,134421.0,133084.0,131235.0,130607.0,129772.0,129524.0,129310.0,128800.0,127728.0,126564.0,126153.0,125618.0,125181.0,124744.0,124810.0,125116.0,125509.0,125605.0,125541.0,125161.0,124838.0,124716.0,124827.0,125078.0,124999.0,124935.0,124762.0,125028.0,125263.0,125382.0,124920.0,124157.0,123347.0,122472.0,121868.0,121230.0,120902.0,119777.0,119286.0,118465.0,118188.0,117324.0,116913.0,116723.0,116844.0,116938.0,116833.0,116651.0,116366.0,116465.0,116449.0,116781.0,117285.0,118029.0,118742.0,119031.0,119158.0,119353.0,119727.0,120051.0,120421.0,120927.0,121905.0,122755.0,123504.0,124065.0,124832.0,125562.0,126426.0,127282.0,128222.0,129135.0,129913.0,130779.0,131710.0,132492.0,133249.0,133922.0,134587.0,135195.0,135420.0,136072.0,137040.0,138387.0,139786.0,141138.0,142524.0,143571.0,144542.0,145592.0,146683.0,147833.0,148769.0,149769.0,150831.0,152099.0,153605.0,155138.0,156674.0,158176.0,159634.0,160778.0,161946.0,163079.0,164638.0,165995.0,167417.0,169205.0,171026.0,173115.0,174303.0,175601.0,176625.0,178189.0,179796.0,181379.0,183017.0,184947.0,186920.0,188462.0,189918.0,191548.0,193253.0,194622.0,195418.0,196528.0,197518.0,198220.0,198990.0,199803.0,201189.0,202753.0,204384.0,205483.0,205997.0,206286.0,206804.0,206926.0,207121.0,207705.0,208857.0,210015.0,210787.0,211401.0,212013.0,212945.0,213869.0,214503.0,214606.0,215227.0,216146.0,218433.0,220534.0,223106.0,225250.0,227521.0,229423.0,231690.0,235179.0,240729.0,247350.0,253927.0,260339.0,266268.0,271857.0,276778.0,281054.0
7481,17,Tucson,City,AZ,AZ,Tucson,Pima County,117147.0,117408.0,117648.0,118041.0,118536.0,119012.0,119550.0,120039.0,120585.0,121218.0,121717.0,122199.0,122543.0,122948.0,123305.0,123781.0,124321.0,124978.0,125683.0,126427.0,127197.0,128025.0,128676.0,129314.0,129727.0,130253.0,130800.0,131505.0,132351.0,133201.0,134083.0,134841.0,135565.0,136531.0,137427.0,138373.0,138948.0,139687.0,140331.0,141216.0,142141.0,143268.0,144560.0,145848.0,147000.0,147936.0,148474.0,149077.0,149654.0,150735.0,151750.0,153087.0,154729.0,156861.0,158804.0,160624.0,162674.0,164909.0,166994.0,168855.0,170742.0,173170.0,176318.0,181162.0,187456.0,194214.0,201792.0,207266.0,212234.0,215514.0,218388.0,220515.0,219894.0,221240.0,224231.0,227437.0,229880.0,230283.0,230805.0,231447.0,231232.0,230024.0,229315.0,228247.0,228374.0,227289.0,227713.0,228469.0,228397.0,227434.0,226417.0,225294.0,222863.0,220949.0,218199.0,217477.0,215748.0,212668.0,208799.0,205121.0,203842.0,201459.0,199137.0,195468.0,192869.0,190167.0,188295.0,185960.0,184343.0,183164.0,181089.0,178688.0,176031.0,173828.0,171794.0,169670.0,168022.0,167001.0,166088.0,165854.0,164208.0,162742.0,161854.0,162149.0,161734.0,160287.0,158285.0,157082.0,155674.0,153612.0,151301.0,149796.0,149434.0,147953.0,145938.0,143136.0,140977.0,138627.0,136043.0,134005.0,132100.0,130950.0,129962.0,129088.0,128645.0,129062.0,130130.0,130915.0,131189.0,131945.0,133277.0,134721.0,136302.0,137285.0,138579.0,139340.0,140355.0,140615.0,140852.0,141700.0,143203.0,145178.0,146750.0,148105.0,149450.0,151052.0,152069.0,152966.0,153790.0,155552.0,156000.0,156055.0,155785.0,156188.0,156758.0,157254.0,157605.0,157668.0,157912.0,157688.0,157547.0,157008.0,157556.0,158197.0,158745.0,159057.0,158481.0,158072.0,157969.0,158423.0,158594.0,158960.0,159730.0,160768.0,161732.0,162428.0,163292.0,163413.0,164445.0,165507.0,166620.0,167205.0,167972.0,168831.0,169834.0,170741.0,171868.0,172588.0,173458.0,174698.0,175889.0,177386.0,178782.0,180068.0,181077.0,181987.0,182863.0,183834.0,184954.0,186472.0,187772.0,188865.0,189791.0,190583.0,191881.0,193056.0,194245.0,194270.0,195028.0,196025.0,196906.0,197807.0,198510.0,199797.0,200889.0,202010.0,203165.0,204028.0,205585.0,207915.0,209217.0,210227.0,211027.0,213486.0,214606.0,215703.0,216872.0,219387.0,222033.0,224645.0,230050.0,236078.0,242776.0,247095.0,250387.0,253598.0,258634.0,266947.0,275486.0,282401.0,287040.0,290990.0,294440.0
10920,18,Columbus,City,OH,OH,Columbus,Franklin County,109116.0,109187.0,109367.0,109681.0,110025.0,110312.0,110705.0,111222.0,111743.0,112184.0,112502.0,112854.0,112895.0,112957.0,113329.0,113984.0,114713.0,115058.0,115445.0,115891.0,116375.0,116940.0,117325.0,117654.0,117783.0,118051.0,118365.0,118804.0,119193.0,119594.0,119998.0,120379.0,120757.0,121155.0,121625.0,122167.0,122703.0,123193.0,123638.0,124035.0,124437.0,124848.0,125382.0,125929.0,126506.0,126972.0,127229.0,127411.0,127573.0,127862.0,127901.0,128129.0,128487.0,129090.0,129573.0,129973.0,130451.0,130836.0,131246.0,131567.0,131985.0,132488.0,132992.0,133364.0,133527.0,133734.0,133998.0,134308.0,134633.0,134867.0,135145.0,135418.0,135499.0,135548.0,135350.0,135592.0,135883.0,136372.0,136633.0,136708.0,136653.0,136491.0,136301.0,135799.0,135479.0,135120.0,134935.0,134743.0,134527.0,134409.0,134127.0,133896.0,133655.0,133502.0,133231.0,132859.0,131876.0,130957.0,130359.0,130172.0,130259.0,130318.0,130241.0,129897.0,129303.0,128783.0,128053.0,127323.0,126522.0,125673.0,124755.0,123987.0,123497.0,122978.0,122413.0,121807.0,121493.0,121378.0,121205.0,120824.0,120734.0,120871.0,121302.0,121158.0,121036.0,120644.0,120084.0,119276.0,118152.0,117236.0,116159.0,115330.0,114594.0,113788.0,112863.0,111852.0,110918.0,109907.0,108981.0,108180.0,107595.0,106795.0,106067.0,105014.0,103857.0,102975.0,102299.0,102022.0,101531.0,101432.0,101258.0,101028.0,100669.0,100464.0,100054.0,99366.0,98645.0,98336.0,98807.0,99690.0,100837.0,102381.0,103780.0,104969.0,105485.0,105884.0,106543.0,107093.0,107705.0,107955.0,108302.0,108592.0,109223.0,109695.0,110138.0,110018.0,109854.0,109534.0,109851.0,110560.0,111787.0,113141.0,114485.0,115409.0,116069.0,116601.0,117347.0,117902.0,118409.0,118702.0,119115.0,119693.0,120468.0,121121.0,122053.0,123277.0,124302.0,125016.0,125481.0,126377.0,127104.0,127758.0,128358.0,129224.0,130709.0,132705.0,134488.0,135805.0,136732.0,137698.0,138504.0,139416.0,140397.0,141728.0,143253.0,144887.0,145071.0,144422.0,144506.0,146031.0,148415.0,150074.0,151630.0,152771.0,153569.0,154626.0,155509.0,156541.0,157655.0,159213.0,160845.0,162076.0,163297.0,164109.0,164420.0,164662.0,165379.0,166478.0,167482.0,168957.0,170824.0,172743.0,174048.0,175156.0,175961.0,176685.0,177601.0,179341.0,181502.0,183804.0,186468.0,189466.0,192477.0,195057.0,197658.0,200177.0,203254.0,206578.0,209819.0,212057.0,213968.0,216297.0,219064.0
12455,19,Louisville,City,KY,KY,Louisville/Jefferson County,Jefferson County,109679.0,109819.0,109963.0,110303.0,110631.0,110940.0,111328.0,111780.0,112286.0,112686.0,113237.0,113850.0,114938.0,116150.0,117461.0,118403.0,119280.0,120198.0,121080.0,121714.0,122159.0,122593.0,123062.0,123493.0,123808.0,124072.0,124309.0,124541.0,124756.0,125013.0,125418.0,125842.0,126299.0,126638.0,126973.0,127248.0,127551.0,127899.0,128268.0,128621.0,128968.0,129247.0,129472.0,129619.0,129831.0,130078.0,130267.0,130383.0,130404.0,130528.0,130407.0,130084.0,129875.0,129917.0,130222.0,130262.0,130276.0,130379.0,130670.0,131059.0,131602.0,132198.0,133144.0,134097.0,135081.0,135793.0,136463.0,137125.0,137746.0,138282.0,138771.0,139237.0,139590.0,139918.0,140168.0,140473.0,140652.0,140829.0,140954.0,141144.0,141340.0,141638.0,141940.0,142215.0,142365.0,142488.0,142561.0,142582.0,142559.0,142539.0,142558.0,142581.0,142633.0,142661.0,142676.0,142696.0,142624.0,142530.0,141963.0,141525.0,141125.0,141116.0,140931.0,140765.0,140463.0,139989.0,139302.0,138537.0,139019.0,139621.0,140513.0,140360.0,140135.0,139933.0,139782.0,139861.0,139832.0,139964.0,140093.0,140381.0,140500.0,140264.0,140167.0,140194.0,140280.0,139851.0,139281.0,138855.0,138616.0,138364.0,137638.0,137001.0,136289.0,135863.0,135267.0,134596.0,133911.0,133135.0,132469.0,131970.0,131668.0,131266.0,131168.0,131033.0,130823.0,130729.0,130698.0,131032.0,131067.0,130997.0,130937.0,130496.0,130426.0,130529.0,130876.0,130930.0,130605.0,130542.0,130716.0,131060.0,131530.0,132295.0,133466.0,134958.0,136040.0,136953.0,137345.0,137878.0,138012.0,138415.0,138234.0,138474.0,138734.0,139346.0,139745.0,139488.0,139311.0,138947.0,138884.0,138715.0,139026.0,139111.0,139793.0,140456.0,141409.0,141922.0,142118.0,142378.0,142767.0,142857.0,142867.0,142822.0,143257.0,144216.0,145376.0,146633.0,147472.0,148374.0,149075.0,149801.0,150544.0,151496.0,152515.0,153279.0,153626.0,153918.0,154566.0,155714.0,157062.0,158313.0,159729.0,160666.0,161263.0,161370.0,161903.0,162693.0,163942.0,165423.0,166567.0,167267.0,167624.0,168238.0,168818.0,169272.0,169504.0,170090.0,170141.0,170547.0,170729.0,171270.0,171542.0,171985.0,172781.0,173685.0,174314.0,174769.0,175267.0,175934.0,176819.0,178040.0,179438.0,180575.0,181368.0,182296.0,182759.0,183223.0,184057.0,186133.0,188298.0,190504.0,192451.0,194274.0,195519.0,197130.0,199227.0,201723.0,204249.0,206805.0,209109.0,210570.0,212013.0,213733.0,215675.0
13121,20,Orlando,City,FL,FL,Orlando-Kissimmee-Sanford,Orange County,116460.0,116841.0,117334.0,118133.0,118884.0,119518.0,120139.0,120882.0,121840.0,122901.0,123867.0,124686.0,125429.0,126091.0,126788.0,127598.0,128632.0,129570.0,130443.0,131325.0,132232.0,133223.0,134139.0,134970.0,135813.0,136595.0,137495.0,138320.0,139155.0,140085.0,140988.0,142121.0,143136.0,144285.0,145267.0,146173.0,147018.0,147867.0,148934.0,150103.0,151279.0,152404.0,153452.0,154547.0,155455.0,156505.0,157740.0,159165.0,160533.0,161831.0,163180.0,164803.0,166523.0,168542.0,170564.0,173224.0,175547.0,178063.0,180005.0,182307.0,184958.0,188211.0,191872.0,196211.0,201226.0,207242.0,213413.0,218981.0,223682.0,227710.0,232532.0,237966.0,243343.0,248525.0,253439.0,258880.0,263627.0,267849.0,270702.0,272136.0,272174.0,272828.0,272753.0,272655.0,270205.0,269604.0,268529.0,268773.0,267779.0,266039.0,263622.0,260542.0,257728.0,253931.0,250287.0,245746.0,242589.0,236854.0,231742.0,225511.0,220196.0,215003.0,209895.0,205127.0,201144.0,196738.0,190988.0,183927.0,176124.0,169883.0,165929.0,162670.0,160462.0,156651.0,154285.0,151551.0,149158.0,146473.0,145288.0,144698.0,142863.0,141284.0,140018.0,139736.0,138920.0,137777.0,136829.0,135321.0,133605.0,132545.0,131151.0,129723.0,127976.0,126609.0,124887.0,123102.0,121678.0,120828.0,120342.0,120526.0,120885.0,120996.0,120647.0,120604.0,121325.0,121731.0,122099.0,122118.0,122808.0,123998.0,125612.0,127090.0,128645.0,130289.0,132071.0,133973.0,135950.0,138065.0,140419.0,142733.0,145498.0,147878.0,150325.0,152950.0,156587.0,159689.0,161746.0,163096.0,164847.0,166932.0,168564.0,169989.0,170793.0,171380.0,171527.0,171651.0,171382.0,171743.0,172892.0,174262.0,175465.0,176526.0,176902.0,177372.0,177552.0,178355.0,178942.0,180318.0,181874.0,183510.0,184363.0,186346.0,188647.0,191021.0,192073.0,192607.0,193710.0,195313.0,196402.0,197544.0,198290.0,199680.0,200621.0,201578.0,203699.0,206051.0,207891.0,209558.0,210606.0,212791.0,214027.0,215472.0,217128.0,218679.0,220506.0,222147.0,222866.0,224221.0,225713.0,228590.0,230941.0,232820.0,234265.0,235415.0,236816.0,238616.0,240781.0,242918.0,244985.0,245919.0,246476.0,246148.0,246211.0,246444.0,246773.0,247298.0,247928.0,248721.0,249807.0,250854.0,251957.0,253333.0,254365.0,256022.0,257500.0,259341.0,260599.0,262334.0,263591.0,265917.0,268207.0,270632.0,273096.0,274933.0,277477.0,280079.0,283932.0,289710.0,297404.0,305222.0,312334.0,318383.0,325415.0
17933,21,El Paso,City,TX,TX,El Paso,El Paso County,94115.0,94180.0,94232.0,94282.0,94310.0,94320.0,94268.0,94201.0,93553.0,92833.0,91906.0,91675.0,91558.0,91565.0,91184.0,90934.0,90670.0,90576.0,90434.0,90293.0,90285.0,90200.0,90142.0,89846.0,89614.0,89473.0,89602.0,89678.0,89870.0,89988.0,90318.0,90527.0,90844.0,91146.0,91411.0,91813.0,91981.0,92209.0,92249.0,92334.0,92423.0,92572.0,92902.0,93439.0,93953.0,94364.0,94789.0,95131.0,95689.0,96577.0,97744.0,98885.0,99739.0,100913.0,102079.0,103054.0,103498.0,104068.0,104586.0,104885.0,105500.0,106158.0,107184.0,107540.0,107945.0,108281.0,108874.0,109685.0,110568.0,111400.0,112083.0,112722.0,113343.0,114019.0,115104.0,116460.0,118019.0,119685.0,121350.0,123200.0,125206.0,127456.0,129131.0,130053.0,129722.0,130036.0,130074.0,131634.0,132803.0,134917.0,136300.0,137191.0,137421.0,137591.0,138304.0,138887.0,137997.0,136622.0,135162.0,134882.0,134336.0,133744.0,132761.0,131823.0,131323.0,131331.0,131279.0,130748.0,130227.0,130065.0,129792.0,129153.0,128479.0,128086.0,128058.0,128004.0,127814.0,127637.0,127663.0,128063.0,129067.0,129552.0,129895.0,129272.0,129437.0,129088.0,128822.0,128213.0,128115.0,127627.0,127213.0,126560.0,126309.0,126053.0,126172.0,126601.0,126462.0,125919.0,125480.0,125371.0,125210.0,124795.0,124495.0,124482.0,124734.0,124410.0,124036.0,123314.0,123275.0,123238.0,123503.0,123556.0,123290.0,122641.0,122200.0,122445.0,123038.0,123760.0,123990.0,124167.0,124136.0,124165.0,123936.0,123758.0,123776.0,124135.0,124541.0,124699.0,124966.0,124964.0,125435.0,125265.0,125163.0,124304.0,123829.0,123639.0,123650.0,123447.0,123000.0,122921.0,122946.0,122995.0,123034.0,123332.0,123719.0,124119.0,124202.0,124132.0,123578.0,123483.0,123420.0,123731.0,123760.0,123863.0,124128.0,124360.0,124532.0,124305.0,124230.0,124490.0,125004.0,125534.0,126216.0,127097.0,127853.0,128407.0,128671.0,129393.0,129869.0,130251.0,130152.0,130054.0,130015.0,129882.0,129547.0,129371.0,129294.0,129414.0,129302.0,129237.0,129227.0,129974.0,130722.0,131352.0,131746.0,132296.0,132913.0,133262.0,133631.0,134335.0,135285.0,136363.0,137510.0,138632.0,139380.0,139887.0,139056.0,138024.0,137361.0,137916.0,138981.0,139966.0,140459.0,140690.0,140783.0,141212.0,142085.0,143091.0,144906.0,147067.0,149173.0,151000.0,152850.0,154699.0,156735.0,158615.0,161465.0,164430.0,167598.0,170453.0,173383.0,175760.0,177832.0
17762,22,Detroit,City,MI,MI,Detroit-Warren-Dearborn,Wayne County,44419.0,44788.0,45444.0,46453.0,47552.0,48544.0,49412.0,50205.0,50957.0,52207.0,53572.0,54627.0,55112.0,55270.0,55465.0,55976.0,56574.0,57089.0,57504.0,58059.0,58659.0,58848.0,58870.0,58815.0,59105.0,59087.0,59162.0,58917.0,59127.0,59606.0,60238.0,60837.0,61026.0,61425.0,61565.0,61870.0,62001.0,62370.0,62711.0,63323.0,63853.0,64385.0,64756.0,65313.0,65644.0,66149.0,66600.0,67217.0,67724.0,67912.0,68167.0,68194.0,68312.0,68517.0,68899.0,69357.0,69653.0,69942.0,70170.0,70356.0,70600.0,70805.0,71129.0,71430.0,71787.0,72161.0,72434.0,72763.0,72977.0,73209.0,73446.0,73869.0,74328.0,74732.0,75059.0,75288.0,75541.0,75772.0,76024.0,76226.0,76126.0,75910.0,75784.0,75782.0,75787.0,75548.0,75377.0,75290.0,75108.0,74839.0,74489.0,74145.0,73380.0,72311.0,71454.0,71000.0,70620.0,69519.0,67578.0,64895.0,61890.0,58803.0,55563.0,52091.0,49179.0,47212.0,45462.0,42845.0,39368.0,36121.0,33264.0,31033.0,29060.0,27980.0,27632.0,27566.0,27175.0,25887.0,24715.0,23500.0,22801.0,21968.0,21460.0,21191.0,21254.0,21653.0,21681.0,21478.0,20938.0,20592.0,20346.0,20173.0,20159.0,20062.0,19842.0,19176.0,18551.0,17883.0,17386.0,17116.0,17004.0,16907.0,16798.0,16649.0,16705.0,16597.0,16594.0,16481.0,16585.0,16774.0,17114.0,17195.0,17263.0,17229.0,17252.0,17216.0,17185.0,17300.0,17475.0,17640.0,17796.0,17951.0,18202.0,18474.0,18816.0,19156.0,19415.0,19701.0,19986.0,20323.0,20549.0,20775.0,20960.0,21201.0,21442.0,21795.0,22209.0,22713.0,23037.0,23277.0,23425.0,24007.0,24661.0,25017.0,24811.0,24516.0,24434.0,24442.0,24381.0,24514.0,24826.0,25331.0,25773.0,26219.0,26247.0,26287.0,26779.0,27642.0,28460.0,28901.0,29445.0,30174.0,30739.0,31102.0,31022.0,31088.0,31183.0,31446.0,31859.0,32213.0,32511.0,32871.0,33189.0,33552.0,33025.0,32535.0,32090.0,32403.0,33019.0,34152.0,35166.0,35984.0,36472.0,37095.0,37785.0,38210.0,38665.0,39115.0,39314.0,39523.0,39290.0,39598.0,39840.0,40710.0,41401.0,41797.0,41780.0,41633.0,41523.0,41478.0,41466.0,41581.0,41964.0,42515.0,42661.0,42351.0,42192.0,42766.0,43699.0,44737.0,46105.0,47796.0,49380.0,50650.0,51805.0,52977.0,54278.0,55395.0,56262.0,58353.0,60550.0,62710.0,63449.0
11093,23,Denver,City,CO,CO,Denver-Aurora-Lakewood,Denver County,193227.0,194664.0,195958.0,199238.0,202184.0,205324.0,207885.0,210859.0,213884.0,216344.0,218651.0,220668.0,223707.0,226686.0,229600.0,232133.0,234501.0,236368.0,238077.0,239681.0,241888.0,243952.0,246042.0,247659.0,248383.0,248844.0,249786.0,250620.0,251439.0,251649.0,252239.0,252940.0,253676.0,254750.0,255257.0,255454.0,255411.0,255321.0,255330.0,254357.0,253890.0,253546.0,254149.0,254049.0,254417.0,255459.0,256852.0,257519.0,257274.0,257137.0,258002.0,259105.0,260341.0,260961.0,261130.0,261105.0,260280.0,261167.0,261745.0,263173.0,263865.0,264906.0,265516.0,265393.0,265759.0,266818.0,267837.0,268162.0,268156.0,268878.0,269775.0,269389.0,269268.0,268456.0,270225.0,270868.0,272460.0,272668.0,273156.0,273680.0,273360.0,272773.0,272152.0,271543.0,270696.0,268729.0,268304.0,269192.0,270975.0,271122.0,271561.0,271623.0,271831.0,269968.0,267944.0,265325.0,263794.0,262556.0,261561.0,259910.0,257598.0,255998.0,253391.0,251729.0,249888.0,249495.0,247907.0,246976.0,244673.0,244146.0,243173.0,244685.0,246601.0,248817.0,249082.0,248201.0,247757.0,247517.0,248215.0,248759.0,251545.0,254172.0,255879.0,255134.0,252019.0,249231.0,246909.0,245886.0,244827.0,243010.0,241950.0,241577.0,241248.0,241506.0,240708.0,240730.0,238259.0,236515.0,234873.0,234896.0,235147.0,235895.0,237009.0,237489.0,238391.0,238594.0,239345.0,240177.0,241106.0,242798.0,245122.0,247889.0,250633.0,252302.0,254142.0,256393.0,258704.0,261177.0,262815.0,265249.0,267473.0,270211.0,273211.0,276541.0,279305.0,281669.0,283285.0,285629.0,287726.0,290030.0,291534.0,293646.0,297489.0,300157.0,301497.0,301757.0,303776.0,306844.0,310628.0,314769.0,318939.0,323766.0,328135.0,332214.0,333740.0,335553.0,338558.0,343210.0,347935.0,352263.0,356357.0,360577.0,364309.0,367840.0,370150.0,372478.0,375147.0,377926.0,380489.0,382604.0,385345.0,388049.0,391053.0,394040.0,396476.0,399628.0,403864.0,407795.0,411810.0,414267.0,416923.0,417945.0,419463.0,421408.0,424130.0,427197.0,430294.0,433266.0,436823.0,441425.0,447021.0,450942.0,453857.0,455592.0,458272.0,460961.0,463110.0,464738.0,465970.0,466376.0,465639.0,464552.0,463969.0,463950.0,463828.0,464081.0,463955.0,463659.0,463285.0,464728.0,467137.0,469862.0,472727.0,474398.0,475700.0,476317.0,477280.0,479161.0,481167.0,485559.0,490725.0,496208.0,501669.0,506962.0,511925.0,517379.0,526274.0,538544.0,551932.0,561216.0,567861.0,573081.0,580678.0
16037,24,Seattle,City,WA,WA,Seattle-Tacoma-Bellevue,King County,259660.0,261418.0,263048.0,266241.0,269556.0,272190.0,275133.0,277039.0,278788.0,279903.0,281331.0,283271.0,285700.0,288109.0,290234.0,291645.0,292589.0,293487.0,294402.0,295526.0,296186.0,297078.0,297738.0,299178.0,299813.0,300957.0,302153.0,304084.0,305748.0,306691.0,307484.0,308524.0,309559.0,310628.0,311757.0,312306.0,314022.0,315102.0,317396.0,318707.0,320913.0,322479.0,323869.0,325553.0,327479.0,329427.0,330490.0,332286.0,334799.0,337885.0,340325.0,343340.0,347237.0,351946.0,355985.0,359333.0,362475.0,365104.0,367812.0,370931.0,374813.0,377916.0,382731.0,387905.0,393471.0,399011.0,405423.0,413317.0,419477.0,424621.0,429208.0,433797.0,436973.0,442003.0,447101.0,453546.0,458551.0,463212.0,467737.0,471503.0,474833.0,478430.0,480584.0,481365.0,481711.0,483248.0,487787.0,493291.0,497320.0,498913.0,499222.0,502140.0,504026.0,503085.0,499687.0,497825.0,497624.0,495933.0,492781.0,486249.0,479632.0,473701.0,470103.0,464030.0,458333.0,452557.0,449460.0,441812.0,437830.0,433599.0,432621.0,426274.0,420694.0,415446.0,413177.0,411661.0,411206.0,411318.0,412323.0,414224.0,411513.0,409144.0,405201.0,407411.0,409268.0,409895.0,407807.0,403523.0,400477.0,395690.0,392275.0,388944.0,386459.0,385411.0,383133.0,382014.0,377100.0,374394.0,371200.0,369992.0,367906.0,366064.0,365376.0,363995.0,363077.0,359969.0,360505.0,362622.0,369082.0,374611.0,379695.0,383259.0,386637.0,390749.0,395642.0,400783.0,405192.0,411748.0,417525.0,423733.0,427545.0,430641.0,434444.0,437262.0,440884.0,443846.0,446596.0,449950.0,454736.0,458462.0,460252.0,460227.0,461078.0,465179.0,466856.0,467857.0,467610.0,470257.0,474650.0,480134.0,486648.0,491330.0,496108.0,499952.0,505279.0,509096.0,514043.0,520938.0,526852.0,532866.0,539464.0,546967.0,551696.0,559075.0,566905.0,576839.0,583330.0,589592.0,594992.0,598099.0,600869.0,603823.0,609951.0,619269.0,628591.0,636383.0,641778.0,648933.0,658202.0,667984.0,677331.0,684498.0,690710.0,699568.0,706131.0,715556.0,726083.0,741765.0,756276.0,764383.0,766158.0,763389.0,758429.0,755080.0,754874.0,754779.0,752929.0,749315.0,747043.0,743500.0,740477.0,734549.0,729057.0,721936.0,718855.0,717899.0,717656.0,716930.0,720790.0,728098.0,737941.0,745825.0,753300.0,756611.0,753227.0,750954.0,753994.0,766000.0,778639.0,790621.0,799083.0,801443.0,804582.0,808083.0,813110.0,822364.0,831049.0,849546.0,861597.0,871582.0,875449.0,877646.0,888202.0
32811,25,Memphis,City,TN,TN,Memphis,Shelby County,95115.0,95182.0,95256.0,95514.0,95754.0,96038.0,96330.0,96636.0,96913.0,97109.0,97232.0,97429.0,97546.0,97784.0,97922.0,98157.0,98330.0,98541.0,98716.0,98955.0,99152.0,99353.0,99551.0,99565.0,99675.0,99744.0,99920.0,99919.0,99878.0,99921.0,100000.0,100093.0,100159.0,100288.0,100366.0,100472.0,100533.0,100736.0,100982.0,101251.0,101529.0,101751.0,101862.0,101881.0,101898.0,102003.0,102136.0,102286.0,102343.0,102424.0,102449.0,102383.0,102429.0,102508.0,102714.0,102877.0,102977.0,103275.0,103532.0,103928.0,104276.0,104754.0,105197.0,105586.0,105912.0,106238.0,106647.0,107009.0,107256.0,107452.0,107683.0,108048.0,108313.0,108545.0,108807.0,109149.0,109459.0,109719.0,109992.0,110332.0,110753.0,111147.0,111316.0,111245.0,110978.0,110952.0,111150.0,111414.0,111492.0,111330.0,111092.0,110649.0,110023.0,109277.0,108153.0,106907.0,104808.0,102612.0,100727.0,99624.0,99010.0,98287.0,97615.0,96763.0,95816.0,94611.0,93253.0,91890.0,90542.0,89304.0,88130.0,86953.0,85908.0,84376.0,83389.0,82408.0,81950.0,81109.0,80295.0,79696.0,79257.0,78929.0,78619.0,78463.0,78431.0,78399.0,78189.0,77691.0,76928.0,76201.0,75348.0,74495.0,73318.0,72357.0,71283.0,70770.0,70233.0,70075.0,69843.0,69701.0,69519.0,68896.0,68465.0,67684.0,67594.0,67623.0,67913.0,67593.0,67161.0,66911.0,67109.0,67171.0,67057.0,66839.0,66267.0,65732.0,65417.0,65605.0,66052.0,66485.0,66834.0,66992.0,66810.0,66954.0,67285.0,68180.0,69165.0,70249.0,71202.0,71584.0,71359.0,71091.0,71139.0,71442.0,71622.0,71558.0,71586.0,71274.0,70948.0,70601.0,71009.0,71460.0,72045.0,71963.0,72272.0,72358.0,72435.0,72482.0,72711.0,73139.0,73567.0,73740.0,73849.0,73826.0,73884.0,73986.0,73990.0,74107.0,74550.0,74977.0,75579.0,75968.0,76706.0,77407.0,76983.0,76516.0,76537.0,77965.0,79161.0,79998.0,80605.0,81561.0,82281.0,83257.0,83969.0,84783.0,84911.0,85063.0,85122.0,85885.0,86673.0,87551.0,88159.0,88614.0,89325.0,90004.0,90848.0,91696.0,92875.0,93832.0,94740.0,95282.0,96003.0,96313.0,96635.0,96919.0,97379.0,97838.0,98533.0,99506.0,100395.0,101345.0,102155.0,103399.0,104199.0,105360.0,106232.0,107353.0,108352.0,109992.0,111650.0,113399.0,115319.0,116907.0,118697.0,120406.0,122507.0,124890.0,126860.0,128356.0,129948.0,131936.0,134721.0
44269,26,Boston,City,MA,MA,Boston-Cambridge-Newton,Suffolk County,225153.0,226735.0,228593.0,231949.0,233260.0,234249.0,236131.0,241772.0,246963.0,251851.0,254822.0,258169.0,261275.0,264820.0,269044.0,272945.0,277007.0,280604.0,284474.0,287358.0,290723.0,294623.0,298440.0,301557.0,303355.0,306023.0,309125.0,312539.0,315666.0,318311.0,321102.0,324198.0,327363.0,331479.0,335681.0,339980.0,343884.0,347587.0,351543.0,354571.0,357625.0,359790.0,361955.0,363564.0,365687.0,368107.0,371116.0,373784.0,376372.0,378295.0,381050.0,383541.0,386626.0,389070.0,391947.0,394726.0,397403.0,401081.0,404473.0,408996.0,412058.0,416303.0,420256.0,424383.0,427600.0,429375.0,431141.0,432450.0,434372.0,435027.0,436172.0,434991.0,433806.0,430757.0,430176.0,428647.0,428622.0,426973.0,426245.0,422933.0,419401.0,416472.0,415006.0,413691.0,412904.0,413360.0,412805.0,412782.0,411261.0,412238.0,411721.0,411350.0,410844.0,409561.0,408351.0,405462.0,402970.0,398294.0,396563.0,395118.0,397039.0,396455.0,394527.0,390698.0,387598.0,385255.0,383671.0,381840.0,380571.0,378679.0,375782.0,372936.0,370991.0,369763.0,369005.0,368974.0,369439.0,370004.0,369482.0,368693.0,368976.0,370845.0,373598.0,376692.0,378613.0,381435.0,381501.0,380477.0,377345.0,375877.0,374516.0,374691.0,374235.0,374232.0,372915.0,372123.0,371819.0,371218.0,370128.0,368246.0,366967.0,366103.0,366967.0,367819.0,368468.0,369565.0,371802.0,374721.0,376340.0,376766.0,377629.0,378615.0,381311.0,384418.0,388895.0,393656.0,396997.0,401099.0,403540.0,407131.0,410038.0,414513.0,419053.0,424071.0,428566.0,432505.0,435306.0,436931.0,439714.0,444624.0,450341.0,454851.0,456584.0,459098.0,460413.0,462718.0,464173.0,467094.0,468853.0,472608.0,476636.0,479019.0,479533.0,480286.0,485153.0,489174.0,495761.0,500959.0,507611.0,510650.0,513855.0,518507.0,526922.0,530193.0,534353.0,534436.0,538015.0,540533.0,542512.0,545174.0,547323.0,550688.0,555744.0,558119.0,559830.0,562912.0,568692.0,576404.0,580970.0,585193.0,588800.0,593250.0,595503.0,596629.0,597805.0,599275.0,602071.0,605369.0,610302.0,613918.0,617578.0,620569.0,624008.0,626103.0,627947.0,629924.0,632921.0,635548.0,635980.0,632903.0,631339.0,632985.0,638656.0,641738.0,640880.0,638394.0,636802.0,637431.0,636313.0,635896.0,636065.0,639802.0,643600.0,645651.0,645580.0,643645.0,644099.0,647745.0,655116.0,661583.0,665945.0,667227.0,667913.0,670393.0,670900.0,673994.0,676218.0,683081.0,689460.0,694072.0,694221.0,694057.0,696036.0
41568,27,Washington,City,DC,DC,Washington-Arlington-Alexandria,District of Columbia,193291.0,194295.0,195230.0,197348.0,199327.0,201584.0,203611.0,205288.0,206497.0,206448.0,206855.0,207386.0,208644.0,209790.0,211250.0,213499.0,215731.0,217885.0,220110.0,222707.0,225497.0,228265.0,230865.0,233583.0,236135.0,238824.0,241010.0,243748.0,246678.0,250110.0,253308.0,256319.0,259651.0,263299.0,267875.0,272418.0,276284.0,279622.0,282563.0,286117.0,289717.0,293585.0,297339.0,300896.0,304459.0,308690.0,312094.0,315211.0,318543.0,322247.0,326564.0,330475.0,335379.0,340719.0,347218.0,352912.0,360023.0,368645.0,377001.0,382359.0,384009.0,388711.0,395148.0,403586.0,409356.0,415134.0,421869.0,429669.0,436593.0,441423.0,445992.0,450395.0,454998.0,458615.0,462492.0,465700.0,468172.0,468883.0,467898.0,467019.0,466018.0,464364.0,461850.0,459873.0,459628.0,461411.0,462920.0,463936.0,464133.0,464018.0,463925.0,463713.0,463695.0,464403.0,464570.0,463954.0,462976.0,461773.0,460290.0,458120.0,456121.0,454220.0,450927.0,446694.0,443438.0,442110.0,440607.0,438234.0,437928.0,438357.0,438051.0,434894.0,430990.0,428811.0,425921.0,423665.0,420634.0,417596.0,417103.0,419253.0,421739.0,421801.0,420886.0,422714.0,427470.0,431658.0,433127.0,433346.0,431409.0,429735.0,426659.0,426412.0,424999.0,424859.0,423813.0,423917.0,423655.0,423491.0,423879.0,423110.0,422869.0,421745.0,421384.0,420121.0,420596.0,420051.0,421826.0,421604.0,422963.0,425353.0,430240.0,435557.0,440512.0,445999.0,451639.0,457703.0,458824.0,458352.0,457601.0,462780.0,470767.0,477283.0,482662.0,486833.0,491184.0,495513.0,500033.0,504466.0,509207.0,514576.0,520866.0,525719.0,528302.0,529307.0,531773.0,533470.0,534206.0,533646.0,535081.0,536460.0,533992.0,531643.0,529198.0,530139.0,530172.0,530796.0,532389.0,534381.0,537957.0,542186.0,545425.0,547686.0,548202.0,550170.0,551572.0,554208.0,556239.0,558111.0,559649.0,561094.0,562903.0,563901.0,567708.0,571665.0,577371.0,582440.0,585559.0,585755.0,583583.0,582442.0,583137.0,583610.0,585930.0,589298.0,592237.0,594696.0,595908.0,600774.0,600468.0,601170.0,600477.0,604452.0,607465.0,609605.0,612442.0,615531.0,619329.0,621242.0,624372.0,625188.0,629523.0,632292.0,635162.0,635350.0,633176.0,633502.0,634096.0,635643.0,635839.0,636701.0,641692.0,645928.0,648808.0,651027.0,647156.0,645008.0,641327.0,644588.0,649030.0,653023.0,658613.0,660547.0,663785.0,665285.0,670782.0,675021.0,682022.0,686826.0,690416.0,690864.0,690992.0,693256.0,693782.0
13373,28,Portland,City,OR,OR,Portland-Vancouver-Hillsboro,Multnomah County,174604.0,175470.0,176084.0,177411.0,178163.0,178763.0,179071.0,179565.0,179918.0,180273.0,180685.0,181217.0,181832.0,182374.0,183091.0,183706.0,184326.0,184894.0,185592.0,186557.0,187444.0,188311.0,189052.0,189881.0,190800.0,191666.0,192592.0,193545.0,194974.0,196642.0,198323.0,199060.0,199470.0,199993.0,201226.0,202573.0,203926.0,205013.0,206166.0,207223.0,208415.0,209580.0,210830.0,212266.0,213537.0,214798.0,215889.0,217041.0,218056.0,218815.0,219504.0,220424.0,221773.0,223413.0,225285.0,227412.0,229468.0,231372.0,233175.0,234997.0,236413.0,237808.0,239805.0,243544.0,248235.0,253343.0,258390.0,263075.0,267994.0,272119.0,276095.0,279247.0,282178.0,284976.0,288168.0,292076.0,297031.0,302307.0,306725.0,310236.0,312191.0,313389.0,314568.0,316163.0,317317.0,317532.0,318635.0,321332.0,324618.0,326854.0,327914.0,327973.0,328084.0,328282.0,327420.0,326672.0,324899.0,326175.0,326188.0,325456.0,322405.0,320539.0,319591.0,318621.0,316313.0,313103.0,310293.0,307297.0,305631.0,301195.0,297935.0,295532.0,295853.0,294333.0,292149.0,290401.0,289980.0,289894.0,288760.0,287989.0,286586.0,287588.0,289106.0,290225.0,288933.0,286612.0,284154.0,281227.0,277576.0,274530.0,272088.0,271074.0,269720.0,266925.0,263082.0,259904.0,258558.0,258625.0,259677.0,260413.0,260851.0,259657.0,258397.0,255795.0,254420.0,254428.0,257789.0,260841.0,264068.0,265590.0,266767.0,268449.0,269872.0,272263.0,273091.0,275803.0,279223.0,284456.0,287043.0,290308.0,293401.0,297364.0,299886.0,301338.0,303662.0,305656.0,308903.0,311652.0,313216.0,314802.0,315536.0,318289.0,319023.0,321108.0,323006.0,326178.0,328606.0,331027.0,332985.0,336074.0,340579.0,344343.0,347701.0,348752.0,352398.0,356272.0,360747.0,365291.0,369994.0,375277.0,380344.0,385682.0,389813.0,392224.0,395113.0,400656.0,407462.0,412190.0,416423.0,418623.0,421287.0,422632.0,424714.0,429116.0,434209.0,440017.0,443801.0,445349.0,444176.0,442579.0,441922.0,443028.0,444338.0,445778.0,448172.0,449436.0,450797.0,452906.0,455503.0,457269.0,457267.0,456606.0,454710.0,453264.0,452014.0,452295.0,452711.0,455001.0,457931.0,459652.0,459328.0,458025.0,455828.0,453690.0,451629.0,450398.0,449655.0,451406.0,454610.0,456416.0,456886.0,457853.0,461010.0,462818.0,463857.0,464644.0,467593.0,471686.0,478843.0,486084.0,494001.0,497653.0,501556.0,506043.0,513658.0,520389.0,527997.0,536022.0,545480.0,552340.0,556520.0,557012.0,558008.0
6118,29,Nashville,City,TN,TN,Nashville-Davidson--Murfreesboro--Franklin,Davidson County,142424.0,142764.0,143012.0,143655.0,144146.0,144382.0,144663.0,144914.0,145445.0,145847.0,146159.0,146436.0,146668.0,147137.0,147655.0,148105.0,148469.0,148871.0,149282.0,149638.0,149915.0,150214.0,150526.0,150820.0,151096.0,151460.0,151774.0,152130.0,152456.0,152881.0,153262.0,153587.0,153827.0,154095.0,154255.0,154424.0,154468.0,154703.0,154793.0,154855.0,155233.0,155866.0,156663.0,157122.0,157417.0,157785.0,158025.0,158351.0,158546.0,158960.0,159493.0,160270.0,160927.0,161459.0,161823.0,162168.0,162468.0,162882.0,163504.0,163934.0,164416.0,165044.0,165970.0,166826.0,167730.0,169219.0,171331.0,173272.0,175325.0,176579.0,177512.0,177762.0,177804.0,178055.0,178709.0,179635.0,180965.0,182584.0,184210.0,185494.0,186138.0,186936.0,187490.0,188106.0,188266.0,188269.0,188600.0,189314.0,190596.0,191870.0,193113.0,193867.0,193712.0,192757.0,191683.0,191057.0,190558.0,190235.0,190119.0,190862.0,191281.0,191211.0,190026.0,188965.0,187902.0,187625.0,186603.0,185368.0,184598.0,184391.0,183768.0,182184.0,180806.0,180057.0,179141.0,178533.0,178097.0,178158.0,178199.0,177809.0,177721.0,177450.0,177511.0,177497.0,177239.0,176768.0,175942.0,175166.0,174240.0,173019.0,172004.0,170879.0,169512.0,168346.0,167664.0,167747.0,167770.0,167409.0,166585.0,165555.0,164613.0,164146.0,163689.0,163540.0,163365.0,163420.0,163852.0,164352.0,164810.0,165008.0,165221.0,165625.0,166308.0,166845.0,167499.0,168258.0,169396.0,170552.0,171305.0,172047.0,172554.0,173204.0,173895.0,174713.0,175653.0,176888.0,178323.0,179693.0,181085.0,181900.0,182618.0,183267.0,184477.0,185773.0,186985.0,188029.0,189188.0,190518.0,191568.0,193037.0,194023.0,195385.0,196350.0,197601.0,199279.0,200708.0,202568.0,204316.0,206976.0,209307.0,212546.0,214849.0,217342.0,219650.0,222464.0,224822.0,226298.0,227353.0,229247.0,231418.0,233666.0,236050.0,238105.0,241011.0,243166.0,245128.0,247125.0,249840.0,252698.0,255193.0,257434.0,259640.0,261993.0,263888.0,266391.0,268714.0,271377.0,273533.0,275160.0,276056.0,276410.0,276936.0,278001.0,279457.0,280906.0,282063.0,282587.0,282793.0,283602.0,284761.0,285638.0,285826.0,286293.0,287171.0,287784.0,288351.0,288846.0,289902.0,291278.0,292504.0,294367.0,296551.0,299270.0,301580.0,303651.0,305537.0,307115.0,308804.0,311022.0,313600.0,316155.0,319406.0,322209.0,325647.0,328622.0,333468.0,339697.0,348128.0,355787.0,362877.0,369253.0,377026.0,386553.0